"id","customer_id","leader_id","member_ids","event","_record_date"
"0","0","0","{'0','1'}",Event_0,2026-05-15
"1","1","1","{'1','2'}",Event_1,2026-05-15
"10","10","10","{'10','11'}",Event_10,2026-05-15
"100","100","100","{'100','101'}",Event_0,2026-05-15
"1000","1000","1000","{'1000','1001'}",Event_0,2026-05-15
"10000","10000","0","{'10000','10001'}",Event_0,2026-05-15
"100000","100000","0","{'100000','100001'}",Event_0,2026-05-15
"1000000","1000000","0","{'1000000','1000001'}",Event_0,2026-05-15
"1000001","1000001","1","{'1000001','1000002'}",Event_1,2026-05-15
"1000002","1000002","2","{'1000002','1000003'}",Event_2,2026-05-15
"1000003","1000003","3","{'1000003','1000004'}",Event_3,2026-05-15
"1000004","1000004","4","{'1000004','1000005'}",Event_4,2026-05-15
"1000005","1000005","5","{'1000005','1000006'}",Event_5,2026-05-15
"1000006","1000006","6","{'1000006','1000007'}",Event_6,2026-05-15
"1000007","1000007","7","{'1000007','1000008'}",Event_7,2026-05-15
"1000008","1000008","8","{'1000008','1000009'}",Event_8,2026-05-15
"1000009","1000009","9","{'1000009','1000010'}",Event_9,2026-05-15
"100001","100001","1","{'100001','100002'}",Event_1,2026-05-15
"1000010","1000010","10","{'1000010','1000011'}",Event_10,2026-05-15
"1000011","1000011","11","{'1000011','1000012'}",Event_11,2026-05-15
"1000012","1000012","12","{'1000012','1000013'}",Event_12,2026-05-15
"1000013","1000013","13","{'1000013','1000014'}",Event_13,2026-05-15
"1000014","1000014","14","{'1000014','1000015'}",Event_14,2026-05-15
"1000015","1000015","15","{'1000015','1000016'}",Event_15,2026-05-15
"1000016","1000016","16","{'1000016','1000017'}",Event_16,2026-05-15
"1000017","1000017","17","{'1000017','1000018'}",Event_17,2026-05-15
"1000018","1000018","18","{'1000018','1000019'}",Event_18,2026-05-15
"1000019","1000019","19","{'1000019','1000020'}",Event_19,2026-05-15
"100002","100002","2","{'100002','100003'}",Event_2,2026-05-15
"1000020","1000020","20","{'1000020','1000021'}",Event_20,2026-05-15
"1000021","1000021","21","{'1000021','1000022'}",Event_21,2026-05-15
"1000022","1000022","22","{'1000022','1000023'}",Event_22,2026-05-15
"1000023","1000023","23","{'1000023','1000024'}",Event_23,2026-05-15
"1000024","1000024","24","{'1000024','1000025'}",Event_24,2026-05-15
"1000025","1000025","25","{'1000025','1000026'}",Event_25,2026-05-15
"1000026","1000026","26","{'1000026','1000027'}",Event_26,2026-05-15
"1000027","1000027","27","{'1000027','1000028'}",Event_27,2026-05-15
"1000028","1000028","28","{'1000028','1000029'}",Event_28,2026-05-15
"1000029","1000029","29","{'1000029','1000030'}",Event_29,2026-05-15
"100003","100003","3","{'100003','100004'}",Event_3,2026-05-15
"1000030","1000030","30","{'1000030','1000031'}",Event_30,2026-05-15
"1000031","1000031","31","{'1000031','1000032'}",Event_31,2026-05-15
"1000032","1000032","32","{'1000032','1000033'}",Event_32,2026-05-15
"1000033","1000033","33","{'1000033','1000034'}",Event_33,2026-05-15
"1000034","1000034","34","{'1000034','1000035'}",Event_34,2026-05-15
"1000035","1000035","35","{'1000035','1000036'}",Event_35,2026-05-15
"1000036","1000036","36","{'1000036','1000037'}",Event_36,2026-05-15
"1000037","1000037","37","{'1000037','1000038'}",Event_37,2026-05-15
"1000038","1000038","38","{'1000038','1000039'}",Event_38,2026-05-15
"1000039","1000039","39","{'1000039','1000040'}",Event_39,2026-05-15
"100004","100004","4","{'100004','100005'}",Event_4,2026-05-15
"1000040","1000040","40","{'1000040','1000041'}",Event_40,2026-05-15
"1000041","1000041","41","{'1000041','1000042'}",Event_41,2026-05-15
"1000042","1000042","42","{'1000042','1000043'}",Event_42,2026-05-15
"1000043","1000043","43","{'1000043','1000044'}",Event_43,2026-05-15
"1000044","1000044","44","{'1000044','1000045'}",Event_44,2026-05-15
"1000045","1000045","45","{'1000045','1000046'}",Event_45,2026-05-15
"1000046","1000046","46","{'1000046','1000047'}",Event_46,2026-05-15
"1000047","1000047","47","{'1000047','1000048'}",Event_47,2026-05-15
"1000048","1000048","48","{'1000048','1000049'}",Event_48,2026-05-15
"1000049","1000049","49","{'1000049','1000050'}",Event_49,2026-05-15
"100005","100005","5","{'100005','100006'}",Event_5,2026-05-15
"1000050","1000050","50","{'1000050','1000051'}",Event_50,2026-05-15
"1000051","1000051","51","{'1000051','1000052'}",Event_51,2026-05-15
"1000052","1000052","52","{'1000052','1000053'}",Event_52,2026-05-15
"1000053","1000053","53","{'1000053','1000054'}",Event_53,2026-05-15
"1000054","1000054","54","{'1000054','1000055'}",Event_54,2026-05-15
"1000055","1000055","55","{'1000055','1000056'}",Event_55,2026-05-15
"1000056","1000056","56","{'1000056','1000057'}",Event_56,2026-05-15
"1000057","1000057","57","{'1000057','1000058'}",Event_57,2026-05-15
"1000058","1000058","58","{'1000058','1000059'}",Event_58,2026-05-15
"1000059","1000059","59","{'1000059','1000060'}",Event_59,2026-05-15
"100006","100006","6","{'100006','100007'}",Event_6,2026-05-15
"1000060","1000060","60","{'1000060','1000061'}",Event_60,2026-05-15
"1000061","1000061","61","{'1000061','1000062'}",Event_61,2026-05-15
"1000062","1000062","62","{'1000062','1000063'}",Event_62,2026-05-15
"1000063","1000063","63","{'1000063','1000064'}",Event_63,2026-05-15
"1000064","1000064","64","{'1000064','1000065'}",Event_64,2026-05-15
"1000065","1000065","65","{'1000065','1000066'}",Event_65,2026-05-15
"1000066","1000066","66","{'1000066','1000067'}",Event_66,2026-05-15
"1000067","1000067","67","{'1000067','1000068'}",Event_67,2026-05-15
"1000068","1000068","68","{'1000068','1000069'}",Event_68,2026-05-15
"1000069","1000069","69","{'1000069','1000070'}",Event_69,2026-05-15
"100007","100007","7","{'100007','100008'}",Event_7,2026-05-15
"1000070","1000070","70","{'1000070','1000071'}",Event_70,2026-05-15
"1000071","1000071","71","{'1000071','1000072'}",Event_71,2026-05-15
"1000072","1000072","72","{'1000072','1000073'}",Event_72,2026-05-15
"1000073","1000073","73","{'1000073','1000074'}",Event_73,2026-05-15
"1000074","1000074","74","{'1000074','1000075'}",Event_74,2026-05-15
"1000075","1000075","75","{'1000075','1000076'}",Event_75,2026-05-15
"1000076","1000076","76","{'1000076','1000077'}",Event_76,2026-05-15
"1000077","1000077","77","{'1000077','1000078'}",Event_77,2026-05-15
"1000078","1000078","78","{'1000078','1000079'}",Event_78,2026-05-15
"1000079","1000079","79","{'1000079','1000080'}",Event_79,2026-05-15
"100008","100008","8","{'100008','100009'}",Event_8,2026-05-15
"1000080","1000080","80","{'1000080','1000081'}",Event_80,2026-05-15
"1000081","1000081","81","{'1000081','1000082'}",Event_81,2026-05-15
"1000082","1000082","82","{'1000082','1000083'}",Event_82,2026-05-15
"1000083","1000083","83","{'1000083','1000084'}",Event_83,2026-05-15
"1000084","1000084","84","{'1000084','1000085'}",Event_84,2026-05-15
"1000085","1000085","85","{'1000085','1000086'}",Event_85,2026-05-15
"1000086","1000086","86","{'1000086','1000087'}",Event_86,2026-05-15
"1000087","1000087","87","{'1000087','1000088'}",Event_87,2026-05-15
"1000088","1000088","88","{'1000088','1000089'}",Event_88,2026-05-15
"1000089","1000089","89","{'1000089','1000090'}",Event_89,2026-05-15
"100009","100009","9","{'100009','100010'}",Event_9,2026-05-15
"1000090","1000090","90","{'1000090','1000091'}",Event_90,2026-05-15
"1000091","1000091","91","{'1000091','1000092'}",Event_91,2026-05-15
"1000092","1000092","92","{'1000092','1000093'}",Event_92,2026-05-15
"1000093","1000093","93","{'1000093','1000094'}",Event_93,2026-05-15
"1000094","1000094","94","{'1000094','1000095'}",Event_94,2026-05-15
"1000095","1000095","95","{'1000095','1000096'}",Event_95,2026-05-15
"1000096","1000096","96","{'1000096','1000097'}",Event_96,2026-05-15
"1000097","1000097","97","{'1000097','1000098'}",Event_97,2026-05-15
"1000098","1000098","98","{'1000098','1000099'}",Event_98,2026-05-15
"1000099","1000099","99","{'1000099','1000100'}",Event_99,2026-05-15
"10001","10001","1","{'10001','10002'}",Event_1,2026-05-15
"100010","100010","10","{'100010','100011'}",Event_10,2026-05-15
"1000100","1000100","100","{'1000100','1000101'}",Event_0,2026-05-15
"1000101","1000101","101","{'1000101','1000102'}",Event_1,2026-05-15
"1000102","1000102","102","{'1000102','1000103'}",Event_2,2026-05-15
"1000103","1000103","103","{'1000103','1000104'}",Event_3,2026-05-15
"1000104","1000104","104","{'1000104','1000105'}",Event_4,2026-05-15
"1000105","1000105","105","{'1000105','1000106'}",Event_5,2026-05-15
"1000106","1000106","106","{'1000106','1000107'}",Event_6,2026-05-15
"1000107","1000107","107","{'1000107','1000108'}",Event_7,2026-05-15
"1000108","1000108","108","{'1000108','1000109'}",Event_8,2026-05-15
"1000109","1000109","109","{'1000109','1000110'}",Event_9,2026-05-15
"100011","100011","11","{'100011','100012'}",Event_11,2026-05-15
"1000110","1000110","110","{'1000110','1000111'}",Event_10,2026-05-15
"1000111","1000111","111","{'1000111','1000112'}",Event_11,2026-05-15
"1000112","1000112","112","{'1000112','1000113'}",Event_12,2026-05-15
"1000113","1000113","113","{'1000113','1000114'}",Event_13,2026-05-15
"1000114","1000114","114","{'1000114','1000115'}",Event_14,2026-05-15
"1000115","1000115","115","{'1000115','1000116'}",Event_15,2026-05-15
"1000116","1000116","116","{'1000116','1000117'}",Event_16,2026-05-15
"1000117","1000117","117","{'1000117','1000118'}",Event_17,2026-05-15
"1000118","1000118","118","{'1000118','1000119'}",Event_18,2026-05-15
"1000119","1000119","119","{'1000119','1000120'}",Event_19,2026-05-15
"100012","100012","12","{'100012','100013'}",Event_12,2026-05-15
"1000120","1000120","120","{'1000120','1000121'}",Event_20,2026-05-15
"1000121","1000121","121","{'1000121','1000122'}",Event_21,2026-05-15
"1000122","1000122","122","{'1000122','1000123'}",Event_22,2026-05-15
"1000123","1000123","123","{'1000123','1000124'}",Event_23,2026-05-15
"1000124","1000124","124","{'1000124','1000125'}",Event_24,2026-05-15
"1000125","1000125","125","{'1000125','1000126'}",Event_25,2026-05-15
"1000126","1000126","126","{'1000126','1000127'}",Event_26,2026-05-15
"1000127","1000127","127","{'1000127','1000128'}",Event_27,2026-05-15
"1000128","1000128","128","{'1000128','1000129'}",Event_28,2026-05-15
"1000129","1000129","129","{'1000129','1000130'}",Event_29,2026-05-15
"100013","100013","13","{'100013','100014'}",Event_13,2026-05-15
"1000130","1000130","130","{'1000130','1000131'}",Event_30,2026-05-15
"1000131","1000131","131","{'1000131','1000132'}",Event_31,2026-05-15
"1000132","1000132","132","{'1000132','1000133'}",Event_32,2026-05-15
"1000133","1000133","133","{'1000133','1000134'}",Event_33,2026-05-15
"1000134","1000134","134","{'1000134','1000135'}",Event_34,2026-05-15
"1000135","1000135","135","{'1000135','1000136'}",Event_35,2026-05-15
"1000136","1000136","136","{'1000136','1000137'}",Event_36,2026-05-15
"1000137","1000137","137","{'1000137','1000138'}",Event_37,2026-05-15
"1000138","1000138","138","{'1000138','1000139'}",Event_38,2026-05-15
"1000139","1000139","139","{'1000139','1000140'}",Event_39,2026-05-15
"100014","100014","14","{'100014','100015'}",Event_14,2026-05-15
"1000140","1000140","140","{'1000140','1000141'}",Event_40,2026-05-15
"1000141","1000141","141","{'1000141','1000142'}",Event_41,2026-05-15
"1000142","1000142","142","{'1000142','1000143'}",Event_42,2026-05-15
"1000143","1000143","143","{'1000143','1000144'}",Event_43,2026-05-15
"1000144","1000144","144","{'1000144','1000145'}",Event_44,2026-05-15
"1000145","1000145","145","{'1000145','1000146'}",Event_45,2026-05-15
"1000146","1000146","146","{'1000146','1000147'}",Event_46,2026-05-15
"1000147","1000147","147","{'1000147','1000148'}",Event_47,2026-05-15
"1000148","1000148","148","{'1000148','1000149'}",Event_48,2026-05-15
"1000149","1000149","149","{'1000149','1000150'}",Event_49,2026-05-15
"100015","100015","15","{'100015','100016'}",Event_15,2026-05-15
"1000150","1000150","150","{'1000150','1000151'}",Event_50,2026-05-15
"1000151","1000151","151","{'1000151','1000152'}",Event_51,2026-05-15
"1000152","1000152","152","{'1000152','1000153'}",Event_52,2026-05-15
"1000153","1000153","153","{'1000153','1000154'}",Event_53,2026-05-15
"1000154","1000154","154","{'1000154','1000155'}",Event_54,2026-05-15
"1000155","1000155","155","{'1000155','1000156'}",Event_55,2026-05-15
"1000156","1000156","156","{'1000156','1000157'}",Event_56,2026-05-15
"1000157","1000157","157","{'1000157','1000158'}",Event_57,2026-05-15
"1000158","1000158","158","{'1000158','1000159'}",Event_58,2026-05-15
"1000159","1000159","159","{'1000159','1000160'}",Event_59,2026-05-15
"100016","100016","16","{'100016','100017'}",Event_16,2026-05-15
"1000160","1000160","160","{'1000160','1000161'}",Event_60,2026-05-15
"1000161","1000161","161","{'1000161','1000162'}",Event_61,2026-05-15
"1000162","1000162","162","{'1000162','1000163'}",Event_62,2026-05-15
"1000163","1000163","163","{'1000163','1000164'}",Event_63,2026-05-15
"1000164","1000164","164","{'1000164','1000165'}",Event_64,2026-05-15
"1000165","1000165","165","{'1000165','1000166'}",Event_65,2026-05-15
"1000166","1000166","166","{'1000166','1000167'}",Event_66,2026-05-15
"1000167","1000167","167","{'1000167','1000168'}",Event_67,2026-05-15
"1000168","1000168","168","{'1000168','1000169'}",Event_68,2026-05-15
"1000169","1000169","169","{'1000169','1000170'}",Event_69,2026-05-15
"100017","100017","17","{'100017','100018'}",Event_17,2026-05-15
"1000170","1000170","170","{'1000170','1000171'}",Event_70,2026-05-15
"1000171","1000171","171","{'1000171','1000172'}",Event_71,2026-05-15
"1000172","1000172","172","{'1000172','1000173'}",Event_72,2026-05-15
"1000173","1000173","173","{'1000173','1000174'}",Event_73,2026-05-15
"1000174","1000174","174","{'1000174','1000175'}",Event_74,2026-05-15
"1000175","1000175","175","{'1000175','1000176'}",Event_75,2026-05-15
"1000176","1000176","176","{'1000176','1000177'}",Event_76,2026-05-15
"1000177","1000177","177","{'1000177','1000178'}",Event_77,2026-05-15
"1000178","1000178","178","{'1000178','1000179'}",Event_78,2026-05-15
"1000179","1000179","179","{'1000179','1000180'}",Event_79,2026-05-15
"100018","100018","18","{'100018','100019'}",Event_18,2026-05-15
"1000180","1000180","180","{'1000180','1000181'}",Event_80,2026-05-15
"1000181","1000181","181","{'1000181','1000182'}",Event_81,2026-05-15
"1000182","1000182","182","{'1000182','1000183'}",Event_82,2026-05-15
"1000183","1000183","183","{'1000183','1000184'}",Event_83,2026-05-15
"1000184","1000184","184","{'1000184','1000185'}",Event_84,2026-05-15
"1000185","1000185","185","{'1000185','1000186'}",Event_85,2026-05-15
"1000186","1000186","186","{'1000186','1000187'}",Event_86,2026-05-15
"1000187","1000187","187","{'1000187','1000188'}",Event_87,2026-05-15
"1000188","1000188","188","{'1000188','1000189'}",Event_88,2026-05-15
"1000189","1000189","189","{'1000189','1000190'}",Event_89,2026-05-15
"100019","100019","19","{'100019','100020'}",Event_19,2026-05-15
"1000190","1000190","190","{'1000190','1000191'}",Event_90,2026-05-15
"1000191","1000191","191","{'1000191','1000192'}",Event_91,2026-05-15
"1000192","1000192","192","{'1000192','1000193'}",Event_92,2026-05-15
"1000193","1000193","193","{'1000193','1000194'}",Event_93,2026-05-15
"1000194","1000194","194","{'1000194','1000195'}",Event_94,2026-05-15
"1000195","1000195","195","{'1000195','1000196'}",Event_95,2026-05-15
"1000196","1000196","196","{'1000196','1000197'}",Event_96,2026-05-15
"1000197","1000197","197","{'1000197','1000198'}",Event_97,2026-05-15
"1000198","1000198","198","{'1000198','1000199'}",Event_98,2026-05-15
"1000199","1000199","199","{'1000199','1000200'}",Event_99,2026-05-15
"10002","10002","2","{'10002','10003'}",Event_2,2026-05-15
"100020","100020","20","{'100020','100021'}",Event_20,2026-05-15
"1000200","1000200","200","{'1000200','1000201'}",Event_0,2026-05-15
"1000201","1000201","201","{'1000201','1000202'}",Event_1,2026-05-15
"1000202","1000202","202","{'1000202','1000203'}",Event_2,2026-05-15
"1000203","1000203","203","{'1000203','1000204'}",Event_3,2026-05-15
"1000204","1000204","204","{'1000204','1000205'}",Event_4,2026-05-15
"1000205","1000205","205","{'1000205','1000206'}",Event_5,2026-05-15
"1000206","1000206","206","{'1000206','1000207'}",Event_6,2026-05-15
"1000207","1000207","207","{'1000207','1000208'}",Event_7,2026-05-15
"1000208","1000208","208","{'1000208','1000209'}",Event_8,2026-05-15
"1000209","1000209","209","{'1000209','1000210'}",Event_9,2026-05-15
"100021","100021","21","{'100021','100022'}",Event_21,2026-05-15
"1000210","1000210","210","{'1000210','1000211'}",Event_10,2026-05-15
"1000211","1000211","211","{'1000211','1000212'}",Event_11,2026-05-15
"1000212","1000212","212","{'1000212','1000213'}",Event_12,2026-05-15
"1000213","1000213","213","{'1000213','1000214'}",Event_13,2026-05-15
"1000214","1000214","214","{'1000214','1000215'}",Event_14,2026-05-15
"1000215","1000215","215","{'1000215','1000216'}",Event_15,2026-05-15
"1000216","1000216","216","{'1000216','1000217'}",Event_16,2026-05-15
"1000217","1000217","217","{'1000217','1000218'}",Event_17,2026-05-15
"1000218","1000218","218","{'1000218','1000219'}",Event_18,2026-05-15
"1000219","1000219","219","{'1000219','1000220'}",Event_19,2026-05-15
"100022","100022","22","{'100022','100023'}",Event_22,2026-05-15
"1000220","1000220","220","{'1000220','1000221'}",Event_20,2026-05-15
"1000221","1000221","221","{'1000221','1000222'}",Event_21,2026-05-15
"1000222","1000222","222","{'1000222','1000223'}",Event_22,2026-05-15
"1000223","1000223","223","{'1000223','1000224'}",Event_23,2026-05-15
"1000224","1000224","224","{'1000224','1000225'}",Event_24,2026-05-15
"1000225","1000225","225","{'1000225','1000226'}",Event_25,2026-05-15
"1000226","1000226","226","{'1000226','1000227'}",Event_26,2026-05-15
"1000227","1000227","227","{'1000227','1000228'}",Event_27,2026-05-15
"1000228","1000228","228","{'1000228','1000229'}",Event_28,2026-05-15
"1000229","1000229","229","{'1000229','1000230'}",Event_29,2026-05-15
"100023","100023","23","{'100023','100024'}",Event_23,2026-05-15
"1000230","1000230","230","{'1000230','1000231'}",Event_30,2026-05-15
"1000231","1000231","231","{'1000231','1000232'}",Event_31,2026-05-15
"1000232","1000232","232","{'1000232','1000233'}",Event_32,2026-05-15
"1000233","1000233","233","{'1000233','1000234'}",Event_33,2026-05-15
"1000234","1000234","234","{'1000234','1000235'}",Event_34,2026-05-15
"1000235","1000235","235","{'1000235','1000236'}",Event_35,2026-05-15
"1000236","1000236","236","{'1000236','1000237'}",Event_36,2026-05-15
"1000237","1000237","237","{'1000237','1000238'}",Event_37,2026-05-15
"1000238","1000238","238","{'1000238','1000239'}",Event_38,2026-05-15
"1000239","1000239","239","{'1000239','1000240'}",Event_39,2026-05-15
"100024","100024","24","{'100024','100025'}",Event_24,2026-05-15
"1000240","1000240","240","{'1000240','1000241'}",Event_40,2026-05-15
"1000241","1000241","241","{'1000241','1000242'}",Event_41,2026-05-15
"1000242","1000242","242","{'1000242','1000243'}",Event_42,2026-05-15
"1000243","1000243","243","{'1000243','1000244'}",Event_43,2026-05-15
"1000244","1000244","244","{'1000244','1000245'}",Event_44,2026-05-15
"1000245","1000245","245","{'1000245','1000246'}",Event_45,2026-05-15
"1000246","1000246","246","{'1000246','1000247'}",Event_46,2026-05-15
"1000247","1000247","247","{'1000247','1000248'}",Event_47,2026-05-15
"1000248","1000248","248","{'1000248','1000249'}",Event_48,2026-05-15
"1000249","1000249","249","{'1000249','1000250'}",Event_49,2026-05-15
"100025","100025","25","{'100025','100026'}",Event_25,2026-05-15
"1000250","1000250","250","{'1000250','1000251'}",Event_50,2026-05-15
"1000251","1000251","251","{'1000251','1000252'}",Event_51,2026-05-15
"1000252","1000252","252","{'1000252','1000253'}",Event_52,2026-05-15
"1000253","1000253","253","{'1000253','1000254'}",Event_53,2026-05-15
"1000254","1000254","254","{'1000254','1000255'}",Event_54,2026-05-15
"1000255","1000255","255","{'1000255','1000256'}",Event_55,2026-05-15
"1000256","1000256","256","{'1000256','1000257'}",Event_56,2026-05-15
"1000257","1000257","257","{'1000257','1000258'}",Event_57,2026-05-15
"1000258","1000258","258","{'1000258','1000259'}",Event_58,2026-05-15
"1000259","1000259","259","{'1000259','1000260'}",Event_59,2026-05-15
"100026","100026","26","{'100026','100027'}",Event_26,2026-05-15
"1000260","1000260","260","{'1000260','1000261'}",Event_60,2026-05-15
"1000261","1000261","261","{'1000261','1000262'}",Event_61,2026-05-15
"1000262","1000262","262","{'1000262','1000263'}",Event_62,2026-05-15
"1000263","1000263","263","{'1000263','1000264'}",Event_63,2026-05-15
"1000264","1000264","264","{'1000264','1000265'}",Event_64,2026-05-15
"1000265","1000265","265","{'1000265','1000266'}",Event_65,2026-05-15
"1000266","1000266","266","{'1000266','1000267'}",Event_66,2026-05-15
"1000267","1000267","267","{'1000267','1000268'}",Event_67,2026-05-15
"1000268","1000268","268","{'1000268','1000269'}",Event_68,2026-05-15
"1000269","1000269","269","{'1000269','1000270'}",Event_69,2026-05-15
"100027","100027","27","{'100027','100028'}",Event_27,2026-05-15
"1000270","1000270","270","{'1000270','1000271'}",Event_70,2026-05-15
"1000271","1000271","271","{'1000271','1000272'}",Event_71,2026-05-15
"1000272","1000272","272","{'1000272','1000273'}",Event_72,2026-05-15
"1000273","1000273","273","{'1000273','1000274'}",Event_73,2026-05-15
"1000274","1000274","274","{'1000274','1000275'}",Event_74,2026-05-15
"1000275","1000275","275","{'1000275','1000276'}",Event_75,2026-05-15
"1000276","1000276","276","{'1000276','1000277'}",Event_76,2026-05-15
"1000277","1000277","277","{'1000277','1000278'}",Event_77,2026-05-15
"1000278","1000278","278","{'1000278','1000279'}",Event_78,2026-05-15
"1000279","1000279","279","{'1000279','1000280'}",Event_79,2026-05-15
"100028","100028","28","{'100028','100029'}",Event_28,2026-05-15
"1000280","1000280","280","{'1000280','1000281'}",Event_80,2026-05-15
"1000281","1000281","281","{'1000281','1000282'}",Event_81,2026-05-15
"1000282","1000282","282","{'1000282','1000283'}",Event_82,2026-05-15
"1000283","1000283","283","{'1000283','1000284'}",Event_83,2026-05-15
"1000284","1000284","284","{'1000284','1000285'}",Event_84,2026-05-15
"1000285","1000285","285","{'1000285','1000286'}",Event_85,2026-05-15
"1000286","1000286","286","{'1000286','1000287'}",Event_86,2026-05-15
"1000287","1000287","287","{'1000287','1000288'}",Event_87,2026-05-15
"1000288","1000288","288","{'1000288','1000289'}",Event_88,2026-05-15
"1000289","1000289","289","{'1000289','1000290'}",Event_89,2026-05-15
"100029","100029","29","{'100029','100030'}",Event_29,2026-05-15
"1000290","1000290","290","{'1000290','1000291'}",Event_90,2026-05-15
"1000291","1000291","291","{'1000291','1000292'}",Event_91,2026-05-15
"1000292","1000292","292","{'1000292','1000293'}",Event_92,2026-05-15
"1000293","1000293","293","{'1000293','1000294'}",Event_93,2026-05-15
"1000294","1000294","294","{'1000294','1000295'}",Event_94,2026-05-15
"1000295","1000295","295","{'1000295','1000296'}",Event_95,2026-05-15
"1000296","1000296","296","{'1000296','1000297'}",Event_96,2026-05-15
"1000297","1000297","297","{'1000297','1000298'}",Event_97,2026-05-15
"1000298","1000298","298","{'1000298','1000299'}",Event_98,2026-05-15
"1000299","1000299","299","{'1000299','1000300'}",Event_99,2026-05-15
"10003","10003","3","{'10003','10004'}",Event_3,2026-05-15
"100030","100030","30","{'100030','100031'}",Event_30,2026-05-15
"1000300","1000300","300","{'1000300','1000301'}",Event_0,2026-05-15
"1000301","1000301","301","{'1000301','1000302'}",Event_1,2026-05-15
"1000302","1000302","302","{'1000302','1000303'}",Event_2,2026-05-15
"1000303","1000303","303","{'1000303','1000304'}",Event_3,2026-05-15
"1000304","1000304","304","{'1000304','1000305'}",Event_4,2026-05-15
"1000305","1000305","305","{'1000305','1000306'}",Event_5,2026-05-15
"1000306","1000306","306","{'1000306','1000307'}",Event_6,2026-05-15
"1000307","1000307","307","{'1000307','1000308'}",Event_7,2026-05-15
"1000308","1000308","308","{'1000308','1000309'}",Event_8,2026-05-15
"1000309","1000309","309","{'1000309','1000310'}",Event_9,2026-05-15
"100031","100031","31","{'100031','100032'}",Event_31,2026-05-15
"1000310","1000310","310","{'1000310','1000311'}",Event_10,2026-05-15
"1000311","1000311","311","{'1000311','1000312'}",Event_11,2026-05-15
"1000312","1000312","312","{'1000312','1000313'}",Event_12,2026-05-15
"1000313","1000313","313","{'1000313','1000314'}",Event_13,2026-05-15
"1000314","1000314","314","{'1000314','1000315'}",Event_14,2026-05-15
"1000315","1000315","315","{'1000315','1000316'}",Event_15,2026-05-15
"1000316","1000316","316","{'1000316','1000317'}",Event_16,2026-05-15
"1000317","1000317","317","{'1000317','1000318'}",Event_17,2026-05-15
"1000318","1000318","318","{'1000318','1000319'}",Event_18,2026-05-15
"1000319","1000319","319","{'1000319','1000320'}",Event_19,2026-05-15
"100032","100032","32","{'100032','100033'}",Event_32,2026-05-15
"1000320","1000320","320","{'1000320','1000321'}",Event_20,2026-05-15
"1000321","1000321","321","{'1000321','1000322'}",Event_21,2026-05-15
"1000322","1000322","322","{'1000322','1000323'}",Event_22,2026-05-15
"1000323","1000323","323","{'1000323','1000324'}",Event_23,2026-05-15
"1000324","1000324","324","{'1000324','1000325'}",Event_24,2026-05-15
"1000325","1000325","325","{'1000325','1000326'}",Event_25,2026-05-15
"1000326","1000326","326","{'1000326','1000327'}",Event_26,2026-05-15
"1000327","1000327","327","{'1000327','1000328'}",Event_27,2026-05-15
"1000328","1000328","328","{'1000328','1000329'}",Event_28,2026-05-15
"1000329","1000329","329","{'1000329','1000330'}",Event_29,2026-05-15
"100033","100033","33","{'100033','100034'}",Event_33,2026-05-15
"1000330","1000330","330","{'1000330','1000331'}",Event_30,2026-05-15
"1000331","1000331","331","{'1000331','1000332'}",Event_31,2026-05-15
"1000332","1000332","332","{'1000332','1000333'}",Event_32,2026-05-15
"1000333","1000333","333","{'1000333','1000334'}",Event_33,2026-05-15
"1000334","1000334","334","{'1000334','1000335'}",Event_34,2026-05-15
"1000335","1000335","335","{'1000335','1000336'}",Event_35,2026-05-15
"1000336","1000336","336","{'1000336','1000337'}",Event_36,2026-05-15
"1000337","1000337","337","{'1000337','1000338'}",Event_37,2026-05-15
"1000338","1000338","338","{'1000338','1000339'}",Event_38,2026-05-15
"1000339","1000339","339","{'1000339','1000340'}",Event_39,2026-05-15
"100034","100034","34","{'100034','100035'}",Event_34,2026-05-15
"1000340","1000340","340","{'1000340','1000341'}",Event_40,2026-05-15
"1000341","1000341","341","{'1000341','1000342'}",Event_41,2026-05-15
"1000342","1000342","342","{'1000342','1000343'}",Event_42,2026-05-15
"1000343","1000343","343","{'1000343','1000344'}",Event_43,2026-05-15
"1000344","1000344","344","{'1000344','1000345'}",Event_44,2026-05-15
"1000345","1000345","345","{'1000345','1000346'}",Event_45,2026-05-15
"1000346","1000346","346","{'1000346','1000347'}",Event_46,2026-05-15
"1000347","1000347","347","{'1000347','1000348'}",Event_47,2026-05-15
"1000348","1000348","348","{'1000348','1000349'}",Event_48,2026-05-15
"1000349","1000349","349","{'1000349','1000350'}",Event_49,2026-05-15
"100035","100035","35","{'100035','100036'}",Event_35,2026-05-15
"1000350","1000350","350","{'1000350','1000351'}",Event_50,2026-05-15
"1000351","1000351","351","{'1000351','1000352'}",Event_51,2026-05-15
"1000352","1000352","352","{'1000352','1000353'}",Event_52,2026-05-15
"1000353","1000353","353","{'1000353','1000354'}",Event_53,2026-05-15
"1000354","1000354","354","{'1000354','1000355'}",Event_54,2026-05-15
"1000355","1000355","355","{'1000355','1000356'}",Event_55,2026-05-15
"1000356","1000356","356","{'1000356','1000357'}",Event_56,2026-05-15
"1000357","1000357","357","{'1000357','1000358'}",Event_57,2026-05-15
"1000358","1000358","358","{'1000358','1000359'}",Event_58,2026-05-15
"1000359","1000359","359","{'1000359','1000360'}",Event_59,2026-05-15
"100036","100036","36","{'100036','100037'}",Event_36,2026-05-15
"1000360","1000360","360","{'1000360','1000361'}",Event_60,2026-05-15
"1000361","1000361","361","{'1000361','1000362'}",Event_61,2026-05-15
"1000362","1000362","362","{'1000362','1000363'}",Event_62,2026-05-15
"1000363","1000363","363","{'1000363','1000364'}",Event_63,2026-05-15
"1000364","1000364","364","{'1000364','1000365'}",Event_64,2026-05-15
"1000365","1000365","365","{'1000365','1000366'}",Event_65,2026-05-15
"1000366","1000366","366","{'1000366','1000367'}",Event_66,2026-05-15
"1000367","1000367","367","{'1000367','1000368'}",Event_67,2026-05-15
"1000368","1000368","368","{'1000368','1000369'}",Event_68,2026-05-15
"1000369","1000369","369","{'1000369','1000370'}",Event_69,2026-05-15
"100037","100037","37","{'100037','100038'}",Event_37,2026-05-15
"1000370","1000370","370","{'1000370','1000371'}",Event_70,2026-05-15
"1000371","1000371","371","{'1000371','1000372'}",Event_71,2026-05-15
"1000372","1000372","372","{'1000372','1000373'}",Event_72,2026-05-15
"1000373","1000373","373","{'1000373','1000374'}",Event_73,2026-05-15
"1000374","1000374","374","{'1000374','1000375'}",Event_74,2026-05-15
"1000375","1000375","375","{'1000375','1000376'}",Event_75,2026-05-15
"1000376","1000376","376","{'1000376','1000377'}",Event_76,2026-05-15
"1000377","1000377","377","{'1000377','1000378'}",Event_77,2026-05-15
"1000378","1000378","378","{'1000378','1000379'}",Event_78,2026-05-15
"1000379","1000379","379","{'1000379','1000380'}",Event_79,2026-05-15
"100038","100038","38","{'100038','100039'}",Event_38,2026-05-15
"1000380","1000380","380","{'1000380','1000381'}",Event_80,2026-05-15
"1000381","1000381","381","{'1000381','1000382'}",Event_81,2026-05-15
"1000382","1000382","382","{'1000382','1000383'}",Event_82,2026-05-15
"1000383","1000383","383","{'1000383','1000384'}",Event_83,2026-05-15
"1000384","1000384","384","{'1000384','1000385'}",Event_84,2026-05-15
"1000385","1000385","385","{'1000385','1000386'}",Event_85,2026-05-15
"1000386","1000386","386","{'1000386','1000387'}",Event_86,2026-05-15
"1000387","1000387","387","{'1000387','1000388'}",Event_87,2026-05-15
"1000388","1000388","388","{'1000388','1000389'}",Event_88,2026-05-15
"1000389","1000389","389","{'1000389','1000390'}",Event_89,2026-05-15
"100039","100039","39","{'100039','100040'}",Event_39,2026-05-15
"1000390","1000390","390","{'1000390','1000391'}",Event_90,2026-05-15
"1000391","1000391","391","{'1000391','1000392'}",Event_91,2026-05-15
"1000392","1000392","392","{'1000392','1000393'}",Event_92,2026-05-15
"1000393","1000393","393","{'1000393','1000394'}",Event_93,2026-05-15
"1000394","1000394","394","{'1000394','1000395'}",Event_94,2026-05-15
"1000395","1000395","395","{'1000395','1000396'}",Event_95,2026-05-15
"1000396","1000396","396","{'1000396','1000397'}",Event_96,2026-05-15
"1000397","1000397","397","{'1000397','1000398'}",Event_97,2026-05-15
"1000398","1000398","398","{'1000398','1000399'}",Event_98,2026-05-15
"1000399","1000399","399","{'1000399','1000400'}",Event_99,2026-05-15
"10004","10004","4","{'10004','10005'}",Event_4,2026-05-15
"100040","100040","40","{'100040','100041'}",Event_40,2026-05-15
"1000400","1000400","400","{'1000400','1000401'}",Event_0,2026-05-15
"1000401","1000401","401","{'1000401','1000402'}",Event_1,2026-05-15
"1000402","1000402","402","{'1000402','1000403'}",Event_2,2026-05-15
"1000403","1000403","403","{'1000403','1000404'}",Event_3,2026-05-15
"1000404","1000404","404","{'1000404','1000405'}",Event_4,2026-05-15
"1000405","1000405","405","{'1000405','1000406'}",Event_5,2026-05-15
"1000406","1000406","406","{'1000406','1000407'}",Event_6,2026-05-15
"1000407","1000407","407","{'1000407','1000408'}",Event_7,2026-05-15
"1000408","1000408","408","{'1000408','1000409'}",Event_8,2026-05-15
"1000409","1000409","409","{'1000409','1000410'}",Event_9,2026-05-15
"100041","100041","41","{'100041','100042'}",Event_41,2026-05-15
"1000410","1000410","410","{'1000410','1000411'}",Event_10,2026-05-15
"1000411","1000411","411","{'1000411','1000412'}",Event_11,2026-05-15
"1000412","1000412","412","{'1000412','1000413'}",Event_12,2026-05-15
"1000413","1000413","413","{'1000413','1000414'}",Event_13,2026-05-15
"1000414","1000414","414","{'1000414','1000415'}",Event_14,2026-05-15
"1000415","1000415","415","{'1000415','1000416'}",Event_15,2026-05-15
"1000416","1000416","416","{'1000416','1000417'}",Event_16,2026-05-15
"1000417","1000417","417","{'1000417','1000418'}",Event_17,2026-05-15
"1000418","1000418","418","{'1000418','1000419'}",Event_18,2026-05-15
"1000419","1000419","419","{'1000419','1000420'}",Event_19,2026-05-15
"100042","100042","42","{'100042','100043'}",Event_42,2026-05-15
"1000420","1000420","420","{'1000420','1000421'}",Event_20,2026-05-15
"1000421","1000421","421","{'1000421','1000422'}",Event_21,2026-05-15
"1000422","1000422","422","{'1000422','1000423'}",Event_22,2026-05-15
"1000423","1000423","423","{'1000423','1000424'}",Event_23,2026-05-15
"1000424","1000424","424","{'1000424','1000425'}",Event_24,2026-05-15
"1000425","1000425","425","{'1000425','1000426'}",Event_25,2026-05-15
"1000426","1000426","426","{'1000426','1000427'}",Event_26,2026-05-15
"1000427","1000427","427","{'1000427','1000428'}",Event_27,2026-05-15
"1000428","1000428","428","{'1000428','1000429'}",Event_28,2026-05-15
"1000429","1000429","429","{'1000429','1000430'}",Event_29,2026-05-15
"100043","100043","43","{'100043','100044'}",Event_43,2026-05-15
"1000430","1000430","430","{'1000430','1000431'}",Event_30,2026-05-15
"1000431","1000431","431","{'1000431','1000432'}",Event_31,2026-05-15
"1000432","1000432","432","{'1000432','1000433'}",Event_32,2026-05-15
"1000433","1000433","433","{'1000433','1000434'}",Event_33,2026-05-15
"1000434","1000434","434","{'1000434','1000435'}",Event_34,2026-05-15
"1000435","1000435","435","{'1000435','1000436'}",Event_35,2026-05-15
"1000436","1000436","436","{'1000436','1000437'}",Event_36,2026-05-15
"1000437","1000437","437","{'1000437','1000438'}",Event_37,2026-05-15
"1000438","1000438","438","{'1000438','1000439'}",Event_38,2026-05-15
"1000439","1000439","439","{'1000439','1000440'}",Event_39,2026-05-15
"100044","100044","44","{'100044','100045'}",Event_44,2026-05-15
"1000440","1000440","440","{'1000440','1000441'}",Event_40,2026-05-15
"1000441","1000441","441","{'1000441','1000442'}",Event_41,2026-05-15
"1000442","1000442","442","{'1000442','1000443'}",Event_42,2026-05-15
"1000443","1000443","443","{'1000443','1000444'}",Event_43,2026-05-15
"1000444","1000444","444","{'1000444','1000445'}",Event_44,2026-05-15
"1000445","1000445","445","{'1000445','1000446'}",Event_45,2026-05-15
"1000446","1000446","446","{'1000446','1000447'}",Event_46,2026-05-15
"1000447","1000447","447","{'1000447','1000448'}",Event_47,2026-05-15
"1000448","1000448","448","{'1000448','1000449'}",Event_48,2026-05-15
"1000449","1000449","449","{'1000449','1000450'}",Event_49,2026-05-15
"100045","100045","45","{'100045','100046'}",Event_45,2026-05-15
"1000450","1000450","450","{'1000450','1000451'}",Event_50,2026-05-15
"1000451","1000451","451","{'1000451','1000452'}",Event_51,2026-05-15
"1000452","1000452","452","{'1000452','1000453'}",Event_52,2026-05-15
"1000453","1000453","453","{'1000453','1000454'}",Event_53,2026-05-15
"1000454","1000454","454","{'1000454','1000455'}",Event_54,2026-05-15
"1000455","1000455","455","{'1000455','1000456'}",Event_55,2026-05-15
"1000456","1000456","456","{'1000456','1000457'}",Event_56,2026-05-15
"1000457","1000457","457","{'1000457','1000458'}",Event_57,2026-05-15
"1000458","1000458","458","{'1000458','1000459'}",Event_58,2026-05-15
"1000459","1000459","459","{'1000459','1000460'}",Event_59,2026-05-15
"100046","100046","46","{'100046','100047'}",Event_46,2026-05-15
"1000460","1000460","460","{'1000460','1000461'}",Event_60,2026-05-15
"1000461","1000461","461","{'1000461','1000462'}",Event_61,2026-05-15
"1000462","1000462","462","{'1000462','1000463'}",Event_62,2026-05-15
"1000463","1000463","463","{'1000463','1000464'}",Event_63,2026-05-15
"1000464","1000464","464","{'1000464','1000465'}",Event_64,2026-05-15
"1000465","1000465","465","{'1000465','1000466'}",Event_65,2026-05-15
"1000466","1000466","466","{'1000466','1000467'}",Event_66,2026-05-15
"1000467","1000467","467","{'1000467','1000468'}",Event_67,2026-05-15
"1000468","1000468","468","{'1000468','1000469'}",Event_68,2026-05-15
"1000469","1000469","469","{'1000469','1000470'}",Event_69,2026-05-15
"100047","100047","47","{'100047','100048'}",Event_47,2026-05-15
"1000470","1000470","470","{'1000470','1000471'}",Event_70,2026-05-15
"1000471","1000471","471","{'1000471','1000472'}",Event_71,2026-05-15
"1000472","1000472","472","{'1000472','1000473'}",Event_72,2026-05-15
"1000473","1000473","473","{'1000473','1000474'}",Event_73,2026-05-15
"1000474","1000474","474","{'1000474','1000475'}",Event_74,2026-05-15
"1000475","1000475","475","{'1000475','1000476'}",Event_75,2026-05-15
"1000476","1000476","476","{'1000476','1000477'}",Event_76,2026-05-15
"1000477","1000477","477","{'1000477','1000478'}",Event_77,2026-05-15
"1000478","1000478","478","{'1000478','1000479'}",Event_78,2026-05-15
"1000479","1000479","479","{'1000479','1000480'}",Event_79,2026-05-15
"100048","100048","48","{'100048','100049'}",Event_48,2026-05-15
"1000480","1000480","480","{'1000480','1000481'}",Event_80,2026-05-15
"1000481","1000481","481","{'1000481','1000482'}",Event_81,2026-05-15
"1000482","1000482","482","{'1000482','1000483'}",Event_82,2026-05-15
"1000483","1000483","483","{'1000483','1000484'}",Event_83,2026-05-15
"1000484","1000484","484","{'1000484','1000485'}",Event_84,2026-05-15
"1000485","1000485","485","{'1000485','1000486'}",Event_85,2026-05-15
"1000486","1000486","486","{'1000486','1000487'}",Event_86,2026-05-15
"1000487","1000487","487","{'1000487','1000488'}",Event_87,2026-05-15
"1000488","1000488","488","{'1000488','1000489'}",Event_88,2026-05-15
"1000489","1000489","489","{'1000489','1000490'}",Event_89,2026-05-15
"100049","100049","49","{'100049','100050'}",Event_49,2026-05-15
"1000490","1000490","490","{'1000490','1000491'}",Event_90,2026-05-15
"1000491","1000491","491","{'1000491','1000492'}",Event_91,2026-05-15
"1000492","1000492","492","{'1000492','1000493'}",Event_92,2026-05-15
"1000493","1000493","493","{'1000493','1000494'}",Event_93,2026-05-15
"1000494","1000494","494","{'1000494','1000495'}",Event_94,2026-05-15
"1000495","1000495","495","{'1000495','1000496'}",Event_95,2026-05-15
"1000496","1000496","496","{'1000496','1000497'}",Event_96,2026-05-15
"1000497","1000497","497","{'1000497','1000498'}",Event_97,2026-05-15
"1000498","1000498","498","{'1000498','1000499'}",Event_98,2026-05-15
"1000499","1000499","499","{'1000499','1000500'}",Event_99,2026-05-15
"10005","10005","5","{'10005','10006'}",Event_5,2026-05-15
"100050","100050","50","{'100050','100051'}",Event_50,2026-05-15
"1000500","1000500","500","{'1000500','1000501'}",Event_0,2026-05-15
"1000501","1000501","501","{'1000501','1000502'}",Event_1,2026-05-15
"1000502","1000502","502","{'1000502','1000503'}",Event_2,2026-05-15
"1000503","1000503","503","{'1000503','1000504'}",Event_3,2026-05-15
"1000504","1000504","504","{'1000504','1000505'}",Event_4,2026-05-15
"1000505","1000505","505","{'1000505','1000506'}",Event_5,2026-05-15
"1000506","1000506","506","{'1000506','1000507'}",Event_6,2026-05-15
"1000507","1000507","507","{'1000507','1000508'}",Event_7,2026-05-15
"1000508","1000508","508","{'1000508','1000509'}",Event_8,2026-05-15
"1000509","1000509","509","{'1000509','1000510'}",Event_9,2026-05-15
"100051","100051","51","{'100051','100052'}",Event_51,2026-05-15
"1000510","1000510","510","{'1000510','1000511'}",Event_10,2026-05-15
"1000511","1000511","511","{'1000511','1000512'}",Event_11,2026-05-15
"1000512","1000512","512","{'1000512','1000513'}",Event_12,2026-05-15
"1000513","1000513","513","{'1000513','1000514'}",Event_13,2026-05-15
"1000514","1000514","514","{'1000514','1000515'}",Event_14,2026-05-15
"1000515","1000515","515","{'1000515','1000516'}",Event_15,2026-05-15
"1000516","1000516","516","{'1000516','1000517'}",Event_16,2026-05-15
"1000517","1000517","517","{'1000517','1000518'}",Event_17,2026-05-15
"1000518","1000518","518","{'1000518','1000519'}",Event_18,2026-05-15
"1000519","1000519","519","{'1000519','1000520'}",Event_19,2026-05-15
"100052","100052","52","{'100052','100053'}",Event_52,2026-05-15
"1000520","1000520","520","{'1000520','1000521'}",Event_20,2026-05-15
"1000521","1000521","521","{'1000521','1000522'}",Event_21,2026-05-15
"1000522","1000522","522","{'1000522','1000523'}",Event_22,2026-05-15
"1000523","1000523","523","{'1000523','1000524'}",Event_23,2026-05-15
"1000524","1000524","524","{'1000524','1000525'}",Event_24,2026-05-15
"1000525","1000525","525","{'1000525','1000526'}",Event_25,2026-05-15
"1000526","1000526","526","{'1000526','1000527'}",Event_26,2026-05-15
"1000527","1000527","527","{'1000527','1000528'}",Event_27,2026-05-15
"1000528","1000528","528","{'1000528','1000529'}",Event_28,2026-05-15
"1000529","1000529","529","{'1000529','1000530'}",Event_29,2026-05-15
"100053","100053","53","{'100053','100054'}",Event_53,2026-05-15
"1000530","1000530","530","{'1000530','1000531'}",Event_30,2026-05-15
"1000531","1000531","531","{'1000531','1000532'}",Event_31,2026-05-15
"1000532","1000532","532","{'1000532','1000533'}",Event_32,2026-05-15
"1000533","1000533","533","{'1000533','1000534'}",Event_33,2026-05-15
"1000534","1000534","534","{'1000534','1000535'}",Event_34,2026-05-15
"1000535","1000535","535","{'1000535','1000536'}",Event_35,2026-05-15
"1000536","1000536","536","{'1000536','1000537'}",Event_36,2026-05-15
"1000537","1000537","537","{'1000537','1000538'}",Event_37,2026-05-15
"1000538","1000538","538","{'1000538','1000539'}",Event_38,2026-05-15
"1000539","1000539","539","{'1000539','1000540'}",Event_39,2026-05-15
"100054","100054","54","{'100054','100055'}",Event_54,2026-05-15
"1000540","1000540","540","{'1000540','1000541'}",Event_40,2026-05-15
"1000541","1000541","541","{'1000541','1000542'}",Event_41,2026-05-15
"1000542","1000542","542","{'1000542','1000543'}",Event_42,2026-05-15
"1000543","1000543","543","{'1000543','1000544'}",Event_43,2026-05-15
"1000544","1000544","544","{'1000544','1000545'}",Event_44,2026-05-15
"1000545","1000545","545","{'1000545','1000546'}",Event_45,2026-05-15
"1000546","1000546","546","{'1000546','1000547'}",Event_46,2026-05-15
"1000547","1000547","547","{'1000547','1000548'}",Event_47,2026-05-15
"1000548","1000548","548","{'1000548','1000549'}",Event_48,2026-05-15
"1000549","1000549","549","{'1000549','1000550'}",Event_49,2026-05-15
"100055","100055","55","{'100055','100056'}",Event_55,2026-05-15
"1000550","1000550","550","{'1000550','1000551'}",Event_50,2026-05-15
"1000551","1000551","551","{'1000551','1000552'}",Event_51,2026-05-15
"1000552","1000552","552","{'1000552','1000553'}",Event_52,2026-05-15
"1000553","1000553","553","{'1000553','1000554'}",Event_53,2026-05-15
"1000554","1000554","554","{'1000554','1000555'}",Event_54,2026-05-15
"1000555","1000555","555","{'1000555','1000556'}",Event_55,2026-05-15
"1000556","1000556","556","{'1000556','1000557'}",Event_56,2026-05-15
"1000557","1000557","557","{'1000557','1000558'}",Event_57,2026-05-15
"1000558","1000558","558","{'1000558','1000559'}",Event_58,2026-05-15
"1000559","1000559","559","{'1000559','1000560'}",Event_59,2026-05-15
"100056","100056","56","{'100056','100057'}",Event_56,2026-05-15
"1000560","1000560","560","{'1000560','1000561'}",Event_60,2026-05-15
"1000561","1000561","561","{'1000561','1000562'}",Event_61,2026-05-15
"1000562","1000562","562","{'1000562','1000563'}",Event_62,2026-05-15
"1000563","1000563","563","{'1000563','1000564'}",Event_63,2026-05-15
"1000564","1000564","564","{'1000564','1000565'}",Event_64,2026-05-15
"1000565","1000565","565","{'1000565','1000566'}",Event_65,2026-05-15
"1000566","1000566","566","{'1000566','1000567'}",Event_66,2026-05-15
"1000567","1000567","567","{'1000567','1000568'}",Event_67,2026-05-15
"1000568","1000568","568","{'1000568','1000569'}",Event_68,2026-05-15
"1000569","1000569","569","{'1000569','1000570'}",Event_69,2026-05-15
"100057","100057","57","{'100057','100058'}",Event_57,2026-05-15
"1000570","1000570","570","{'1000570','1000571'}",Event_70,2026-05-15
"1000571","1000571","571","{'1000571','1000572'}",Event_71,2026-05-15
"1000572","1000572","572","{'1000572','1000573'}",Event_72,2026-05-15
"1000573","1000573","573","{'1000573','1000574'}",Event_73,2026-05-15
"1000574","1000574","574","{'1000574','1000575'}",Event_74,2026-05-15
"1000575","1000575","575","{'1000575','1000576'}",Event_75,2026-05-15
"1000576","1000576","576","{'1000576','1000577'}",Event_76,2026-05-15
"1000577","1000577","577","{'1000577','1000578'}",Event_77,2026-05-15
"1000578","1000578","578","{'1000578','1000579'}",Event_78,2026-05-15
"1000579","1000579","579","{'1000579','1000580'}",Event_79,2026-05-15
"100058","100058","58","{'100058','100059'}",Event_58,2026-05-15
"1000580","1000580","580","{'1000580','1000581'}",Event_80,2026-05-15
"1000581","1000581","581","{'1000581','1000582'}",Event_81,2026-05-15
"1000582","1000582","582","{'1000582','1000583'}",Event_82,2026-05-15
"1000583","1000583","583","{'1000583','1000584'}",Event_83,2026-05-15
"1000584","1000584","584","{'1000584','1000585'}",Event_84,2026-05-15
"1000585","1000585","585","{'1000585','1000586'}",Event_85,2026-05-15
"1000586","1000586","586","{'1000586','1000587'}",Event_86,2026-05-15
"1000587","1000587","587","{'1000587','1000588'}",Event_87,2026-05-15
"1000588","1000588","588","{'1000588','1000589'}",Event_88,2026-05-15
"1000589","1000589","589","{'1000589','1000590'}",Event_89,2026-05-15
"100059","100059","59","{'100059','100060'}",Event_59,2026-05-15
"1000590","1000590","590","{'1000590','1000591'}",Event_90,2026-05-15
"1000591","1000591","591","{'1000591','1000592'}",Event_91,2026-05-15
"1000592","1000592","592","{'1000592','1000593'}",Event_92,2026-05-15
"1000593","1000593","593","{'1000593','1000594'}",Event_93,2026-05-15
"1000594","1000594","594","{'1000594','1000595'}",Event_94,2026-05-15
"1000595","1000595","595","{'1000595','1000596'}",Event_95,2026-05-15
"1000596","1000596","596","{'1000596','1000597'}",Event_96,2026-05-15
"1000597","1000597","597","{'1000597','1000598'}",Event_97,2026-05-15
"1000598","1000598","598","{'1000598','1000599'}",Event_98,2026-05-15
"1000599","1000599","599","{'1000599','1000600'}",Event_99,2026-05-15
"10006","10006","6","{'10006','10007'}",Event_6,2026-05-15
"100060","100060","60","{'100060','100061'}",Event_60,2026-05-15
"1000600","1000600","600","{'1000600','1000601'}",Event_0,2026-05-15
"1000601","1000601","601","{'1000601','1000602'}",Event_1,2026-05-15
"1000602","1000602","602","{'1000602','1000603'}",Event_2,2026-05-15
"1000603","1000603","603","{'1000603','1000604'}",Event_3,2026-05-15
"1000604","1000604","604","{'1000604','1000605'}",Event_4,2026-05-15
"1000605","1000605","605","{'1000605','1000606'}",Event_5,2026-05-15
"1000606","1000606","606","{'1000606','1000607'}",Event_6,2026-05-15
"1000607","1000607","607","{'1000607','1000608'}",Event_7,2026-05-15
"1000608","1000608","608","{'1000608','1000609'}",Event_8,2026-05-15
"1000609","1000609","609","{'1000609','1000610'}",Event_9,2026-05-15
"100061","100061","61","{'100061','100062'}",Event_61,2026-05-15
"1000610","1000610","610","{'1000610','1000611'}",Event_10,2026-05-15
"1000611","1000611","611","{'1000611','1000612'}",Event_11,2026-05-15
"1000612","1000612","612","{'1000612','1000613'}",Event_12,2026-05-15
"1000613","1000613","613","{'1000613','1000614'}",Event_13,2026-05-15
"1000614","1000614","614","{'1000614','1000615'}",Event_14,2026-05-15
"1000615","1000615","615","{'1000615','1000616'}",Event_15,2026-05-15
"1000616","1000616","616","{'1000616','1000617'}",Event_16,2026-05-15
"1000617","1000617","617","{'1000617','1000618'}",Event_17,2026-05-15
"1000618","1000618","618","{'1000618','1000619'}",Event_18,2026-05-15
"1000619","1000619","619","{'1000619','1000620'}",Event_19,2026-05-15
"100062","100062","62","{'100062','100063'}",Event_62,2026-05-15
"1000620","1000620","620","{'1000620','1000621'}",Event_20,2026-05-15
"1000621","1000621","621","{'1000621','1000622'}",Event_21,2026-05-15
"1000622","1000622","622","{'1000622','1000623'}",Event_22,2026-05-15
"1000623","1000623","623","{'1000623','1000624'}",Event_23,2026-05-15
"1000624","1000624","624","{'1000624','1000625'}",Event_24,2026-05-15
"1000625","1000625","625","{'1000625','1000626'}",Event_25,2026-05-15
"1000626","1000626","626","{'1000626','1000627'}",Event_26,2026-05-15
"1000627","1000627","627","{'1000627','1000628'}",Event_27,2026-05-15
"1000628","1000628","628","{'1000628','1000629'}",Event_28,2026-05-15
"1000629","1000629","629","{'1000629','1000630'}",Event_29,2026-05-15
"100063","100063","63","{'100063','100064'}",Event_63,2026-05-15
"1000630","1000630","630","{'1000630','1000631'}",Event_30,2026-05-15
"1000631","1000631","631","{'1000631','1000632'}",Event_31,2026-05-15
"1000632","1000632","632","{'1000632','1000633'}",Event_32,2026-05-15
"1000633","1000633","633","{'1000633','1000634'}",Event_33,2026-05-15
"1000634","1000634","634","{'1000634','1000635'}",Event_34,2026-05-15
"1000635","1000635","635","{'1000635','1000636'}",Event_35,2026-05-15
"1000636","1000636","636","{'1000636','1000637'}",Event_36,2026-05-15
"1000637","1000637","637","{'1000637','1000638'}",Event_37,2026-05-15
"1000638","1000638","638","{'1000638','1000639'}",Event_38,2026-05-15
"1000639","1000639","639","{'1000639','1000640'}",Event_39,2026-05-15
"100064","100064","64","{'100064','100065'}",Event_64,2026-05-15
"1000640","1000640","640","{'1000640','1000641'}",Event_40,2026-05-15
"1000641","1000641","641","{'1000641','1000642'}",Event_41,2026-05-15
"1000642","1000642","642","{'1000642','1000643'}",Event_42,2026-05-15
"1000643","1000643","643","{'1000643','1000644'}",Event_43,2026-05-15
"1000644","1000644","644","{'1000644','1000645'}",Event_44,2026-05-15
"1000645","1000645","645","{'1000645','1000646'}",Event_45,2026-05-15
"1000646","1000646","646","{'1000646','1000647'}",Event_46,2026-05-15
"1000647","1000647","647","{'1000647','1000648'}",Event_47,2026-05-15
"1000648","1000648","648","{'1000648','1000649'}",Event_48,2026-05-15
"1000649","1000649","649","{'1000649','1000650'}",Event_49,2026-05-15
"100065","100065","65","{'100065','100066'}",Event_65,2026-05-15
"1000650","1000650","650","{'1000650','1000651'}",Event_50,2026-05-15
"1000651","1000651","651","{'1000651','1000652'}",Event_51,2026-05-15
"1000652","1000652","652","{'1000652','1000653'}",Event_52,2026-05-15
"1000653","1000653","653","{'1000653','1000654'}",Event_53,2026-05-15
"1000654","1000654","654","{'1000654','1000655'}",Event_54,2026-05-15
"1000655","1000655","655","{'1000655','1000656'}",Event_55,2026-05-15
"1000656","1000656","656","{'1000656','1000657'}",Event_56,2026-05-15
"1000657","1000657","657","{'1000657','1000658'}",Event_57,2026-05-15
"1000658","1000658","658","{'1000658','1000659'}",Event_58,2026-05-15
"1000659","1000659","659","{'1000659','1000660'}",Event_59,2026-05-15
"100066","100066","66","{'100066','100067'}",Event_66,2026-05-15
"1000660","1000660","660","{'1000660','1000661'}",Event_60,2026-05-15
"1000661","1000661","661","{'1000661','1000662'}",Event_61,2026-05-15
"1000662","1000662","662","{'1000662','1000663'}",Event_62,2026-05-15
"1000663","1000663","663","{'1000663','1000664'}",Event_63,2026-05-15
"1000664","1000664","664","{'1000664','1000665'}",Event_64,2026-05-15
"1000665","1000665","665","{'1000665','1000666'}",Event_65,2026-05-15
"1000666","1000666","666","{'1000666','1000667'}",Event_66,2026-05-15
"1000667","1000667","667","{'1000667','1000668'}",Event_67,2026-05-15
"1000668","1000668","668","{'1000668','1000669'}",Event_68,2026-05-15
"1000669","1000669","669","{'1000669','1000670'}",Event_69,2026-05-15
"100067","100067","67","{'100067','100068'}",Event_67,2026-05-15
"1000670","1000670","670","{'1000670','1000671'}",Event_70,2026-05-15
"1000671","1000671","671","{'1000671','1000672'}",Event_71,2026-05-15
"1000672","1000672","672","{'1000672','1000673'}",Event_72,2026-05-15
"1000673","1000673","673","{'1000673','1000674'}",Event_73,2026-05-15
"1000674","1000674","674","{'1000674','1000675'}",Event_74,2026-05-15
"1000675","1000675","675","{'1000675','1000676'}",Event_75,2026-05-15
"1000676","1000676","676","{'1000676','1000677'}",Event_76,2026-05-15
"1000677","1000677","677","{'1000677','1000678'}",Event_77,2026-05-15
"1000678","1000678","678","{'1000678','1000679'}",Event_78,2026-05-15
"1000679","1000679","679","{'1000679','1000680'}",Event_79,2026-05-15
"100068","100068","68","{'100068','100069'}",Event_68,2026-05-15
"1000680","1000680","680","{'1000680','1000681'}",Event_80,2026-05-15
"1000681","1000681","681","{'1000681','1000682'}",Event_81,2026-05-15
"1000682","1000682","682","{'1000682','1000683'}",Event_82,2026-05-15
"1000683","1000683","683","{'1000683','1000684'}",Event_83,2026-05-15
"1000684","1000684","684","{'1000684','1000685'}",Event_84,2026-05-15
"1000685","1000685","685","{'1000685','1000686'}",Event_85,2026-05-15
"1000686","1000686","686","{'1000686','1000687'}",Event_86,2026-05-15
"1000687","1000687","687","{'1000687','1000688'}",Event_87,2026-05-15
"1000688","1000688","688","{'1000688','1000689'}",Event_88,2026-05-15
"1000689","1000689","689","{'1000689','1000690'}",Event_89,2026-05-15
"100069","100069","69","{'100069','100070'}",Event_69,2026-05-15
"1000690","1000690","690","{'1000690','1000691'}",Event_90,2026-05-15
"1000691","1000691","691","{'1000691','1000692'}",Event_91,2026-05-15
"1000692","1000692","692","{'1000692','1000693'}",Event_92,2026-05-15
"1000693","1000693","693","{'1000693','1000694'}",Event_93,2026-05-15
"1000694","1000694","694","{'1000694','1000695'}",Event_94,2026-05-15
"1000695","1000695","695","{'1000695','1000696'}",Event_95,2026-05-15
"1000696","1000696","696","{'1000696','1000697'}",Event_96,2026-05-15
"1000697","1000697","697","{'1000697','1000698'}",Event_97,2026-05-15
"1000698","1000698","698","{'1000698','1000699'}",Event_98,2026-05-15
"1000699","1000699","699","{'1000699','1000700'}",Event_99,2026-05-15
"10007","10007","7","{'10007','10008'}",Event_7,2026-05-15
"100070","100070","70","{'100070','100071'}",Event_70,2026-05-15
"1000700","1000700","700","{'1000700','1000701'}",Event_0,2026-05-15
"1000701","1000701","701","{'1000701','1000702'}",Event_1,2026-05-15
"1000702","1000702","702","{'1000702','1000703'}",Event_2,2026-05-15
"1000703","1000703","703","{'1000703','1000704'}",Event_3,2026-05-15
"1000704","1000704","704","{'1000704','1000705'}",Event_4,2026-05-15
"1000705","1000705","705","{'1000705','1000706'}",Event_5,2026-05-15
"1000706","1000706","706","{'1000706','1000707'}",Event_6,2026-05-15
"1000707","1000707","707","{'1000707','1000708'}",Event_7,2026-05-15
"1000708","1000708","708","{'1000708','1000709'}",Event_8,2026-05-15
"1000709","1000709","709","{'1000709','1000710'}",Event_9,2026-05-15
"100071","100071","71","{'100071','100072'}",Event_71,2026-05-15
"1000710","1000710","710","{'1000710','1000711'}",Event_10,2026-05-15
"1000711","1000711","711","{'1000711','1000712'}",Event_11,2026-05-15
"1000712","1000712","712","{'1000712','1000713'}",Event_12,2026-05-15
"1000713","1000713","713","{'1000713','1000714'}",Event_13,2026-05-15
"1000714","1000714","714","{'1000714','1000715'}",Event_14,2026-05-15
"1000715","1000715","715","{'1000715','1000716'}",Event_15,2026-05-15
"1000716","1000716","716","{'1000716','1000717'}",Event_16,2026-05-15
"1000717","1000717","717","{'1000717','1000718'}",Event_17,2026-05-15
"1000718","1000718","718","{'1000718','1000719'}",Event_18,2026-05-15
"1000719","1000719","719","{'1000719','1000720'}",Event_19,2026-05-15
"100072","100072","72","{'100072','100073'}",Event_72,2026-05-15
"1000720","1000720","720","{'1000720','1000721'}",Event_20,2026-05-15
"1000721","1000721","721","{'1000721','1000722'}",Event_21,2026-05-15
"1000722","1000722","722","{'1000722','1000723'}",Event_22,2026-05-15
"1000723","1000723","723","{'1000723','1000724'}",Event_23,2026-05-15
"1000724","1000724","724","{'1000724','1000725'}",Event_24,2026-05-15
"1000725","1000725","725","{'1000725','1000726'}",Event_25,2026-05-15
"1000726","1000726","726","{'1000726','1000727'}",Event_26,2026-05-15
"1000727","1000727","727","{'1000727','1000728'}",Event_27,2026-05-15
"1000728","1000728","728","{'1000728','1000729'}",Event_28,2026-05-15
"1000729","1000729","729","{'1000729','1000730'}",Event_29,2026-05-15
"100073","100073","73","{'100073','100074'}",Event_73,2026-05-15
"1000730","1000730","730","{'1000730','1000731'}",Event_30,2026-05-15
"1000731","1000731","731","{'1000731','1000732'}",Event_31,2026-05-15
"1000732","1000732","732","{'1000732','1000733'}",Event_32,2026-05-15
"1000733","1000733","733","{'1000733','1000734'}",Event_33,2026-05-15
"1000734","1000734","734","{'1000734','1000735'}",Event_34,2026-05-15
"1000735","1000735","735","{'1000735','1000736'}",Event_35,2026-05-15
"1000736","1000736","736","{'1000736','1000737'}",Event_36,2026-05-15
"1000737","1000737","737","{'1000737','1000738'}",Event_37,2026-05-15
"1000738","1000738","738","{'1000738','1000739'}",Event_38,2026-05-15
"1000739","1000739","739","{'1000739','1000740'}",Event_39,2026-05-15
"100074","100074","74","{'100074','100075'}",Event_74,2026-05-15
"1000740","1000740","740","{'1000740','1000741'}",Event_40,2026-05-15
"1000741","1000741","741","{'1000741','1000742'}",Event_41,2026-05-15
"1000742","1000742","742","{'1000742','1000743'}",Event_42,2026-05-15
"1000743","1000743","743","{'1000743','1000744'}",Event_43,2026-05-15
"1000744","1000744","744","{'1000744','1000745'}",Event_44,2026-05-15
"1000745","1000745","745","{'1000745','1000746'}",Event_45,2026-05-15
"1000746","1000746","746","{'1000746','1000747'}",Event_46,2026-05-15
"1000747","1000747","747","{'1000747','1000748'}",Event_47,2026-05-15
"1000748","1000748","748","{'1000748','1000749'}",Event_48,2026-05-15
"1000749","1000749","749","{'1000749','1000750'}",Event_49,2026-05-15
"100075","100075","75","{'100075','100076'}",Event_75,2026-05-15
"1000750","1000750","750","{'1000750','1000751'}",Event_50,2026-05-15
"1000751","1000751","751","{'1000751','1000752'}",Event_51,2026-05-15
"1000752","1000752","752","{'1000752','1000753'}",Event_52,2026-05-15
"1000753","1000753","753","{'1000753','1000754'}",Event_53,2026-05-15
"1000754","1000754","754","{'1000754','1000755'}",Event_54,2026-05-15
"1000755","1000755","755","{'1000755','1000756'}",Event_55,2026-05-15
"1000756","1000756","756","{'1000756','1000757'}",Event_56,2026-05-15
"1000757","1000757","757","{'1000757','1000758'}",Event_57,2026-05-15
"1000758","1000758","758","{'1000758','1000759'}",Event_58,2026-05-15
"1000759","1000759","759","{'1000759','1000760'}",Event_59,2026-05-15
"100076","100076","76","{'100076','100077'}",Event_76,2026-05-15
"1000760","1000760","760","{'1000760','1000761'}",Event_60,2026-05-15
"1000761","1000761","761","{'1000761','1000762'}",Event_61,2026-05-15
"1000762","1000762","762","{'1000762','1000763'}",Event_62,2026-05-15
"1000763","1000763","763","{'1000763','1000764'}",Event_63,2026-05-15
"1000764","1000764","764","{'1000764','1000765'}",Event_64,2026-05-15
"1000765","1000765","765","{'1000765','1000766'}",Event_65,2026-05-15
"1000766","1000766","766","{'1000766','1000767'}",Event_66,2026-05-15
"1000767","1000767","767","{'1000767','1000768'}",Event_67,2026-05-15
"1000768","1000768","768","{'1000768','1000769'}",Event_68,2026-05-15
"1000769","1000769","769","{'1000769','1000770'}",Event_69,2026-05-15
"100077","100077","77","{'100077','100078'}",Event_77,2026-05-15
"1000770","1000770","770","{'1000770','1000771'}",Event_70,2026-05-15
"1000771","1000771","771","{'1000771','1000772'}",Event_71,2026-05-15
"1000772","1000772","772","{'1000772','1000773'}",Event_72,2026-05-15
"1000773","1000773","773","{'1000773','1000774'}",Event_73,2026-05-15
"1000774","1000774","774","{'1000774','1000775'}",Event_74,2026-05-15
"1000775","1000775","775","{'1000775','1000776'}",Event_75,2026-05-15
"1000776","1000776","776","{'1000776','1000777'}",Event_76,2026-05-15
"1000777","1000777","777","{'1000777','1000778'}",Event_77,2026-05-15
"1000778","1000778","778","{'1000778','1000779'}",Event_78,2026-05-15
"1000779","1000779","779","{'1000779','1000780'}",Event_79,2026-05-15
"100078","100078","78","{'100078','100079'}",Event_78,2026-05-15
"1000780","1000780","780","{'1000780','1000781'}",Event_80,2026-05-15
"1000781","1000781","781","{'1000781','1000782'}",Event_81,2026-05-15
"1000782","1000782","782","{'1000782','1000783'}",Event_82,2026-05-15
"1000783","1000783","783","{'1000783','1000784'}",Event_83,2026-05-15
"1000784","1000784","784","{'1000784','1000785'}",Event_84,2026-05-15
"1000785","1000785","785","{'1000785','1000786'}",Event_85,2026-05-15
"1000786","1000786","786","{'1000786','1000787'}",Event_86,2026-05-15
"1000787","1000787","787","{'1000787','1000788'}",Event_87,2026-05-15
"1000788","1000788","788","{'1000788','1000789'}",Event_88,2026-05-15
"1000789","1000789","789","{'1000789','1000790'}",Event_89,2026-05-15
"100079","100079","79","{'100079','100080'}",Event_79,2026-05-15
"1000790","1000790","790","{'1000790','1000791'}",Event_90,2026-05-15
"1000791","1000791","791","{'1000791','1000792'}",Event_91,2026-05-15
"1000792","1000792","792","{'1000792','1000793'}",Event_92,2026-05-15
"1000793","1000793","793","{'1000793','1000794'}",Event_93,2026-05-15
"1000794","1000794","794","{'1000794','1000795'}",Event_94,2026-05-15
"1000795","1000795","795","{'1000795','1000796'}",Event_95,2026-05-15
"1000796","1000796","796","{'1000796','1000797'}",Event_96,2026-05-15
"1000797","1000797","797","{'1000797','1000798'}",Event_97,2026-05-15
"1000798","1000798","798","{'1000798','1000799'}",Event_98,2026-05-15
"1000799","1000799","799","{'1000799','1000800'}",Event_99,2026-05-15
"10008","10008","8","{'10008','10009'}",Event_8,2026-05-15
"100080","100080","80","{'100080','100081'}",Event_80,2026-05-15
"1000800","1000800","800","{'1000800','1000801'}",Event_0,2026-05-15
"1000801","1000801","801","{'1000801','1000802'}",Event_1,2026-05-15
"1000802","1000802","802","{'1000802','1000803'}",Event_2,2026-05-15
"1000803","1000803","803","{'1000803','1000804'}",Event_3,2026-05-15
"1000804","1000804","804","{'1000804','1000805'}",Event_4,2026-05-15
"1000805","1000805","805","{'1000805','1000806'}",Event_5,2026-05-15
"1000806","1000806","806","{'1000806','1000807'}",Event_6,2026-05-15
"1000807","1000807","807","{'1000807','1000808'}",Event_7,2026-05-15
"1000808","1000808","808","{'1000808','1000809'}",Event_8,2026-05-15
"1000809","1000809","809","{'1000809','1000810'}",Event_9,2026-05-15
"100081","100081","81","{'100081','100082'}",Event_81,2026-05-15
"1000810","1000810","810","{'1000810','1000811'}",Event_10,2026-05-15
"1000811","1000811","811","{'1000811','1000812'}",Event_11,2026-05-15
"1000812","1000812","812","{'1000812','1000813'}",Event_12,2026-05-15
"1000813","1000813","813","{'1000813','1000814'}",Event_13,2026-05-15
"1000814","1000814","814","{'1000814','1000815'}",Event_14,2026-05-15
"1000815","1000815","815","{'1000815','1000816'}",Event_15,2026-05-15
"1000816","1000816","816","{'1000816','1000817'}",Event_16,2026-05-15
"1000817","1000817","817","{'1000817','1000818'}",Event_17,2026-05-15
"1000818","1000818","818","{'1000818','1000819'}",Event_18,2026-05-15
"1000819","1000819","819","{'1000819','1000820'}",Event_19,2026-05-15
"100082","100082","82","{'100082','100083'}",Event_82,2026-05-15
"1000820","1000820","820","{'1000820','1000821'}",Event_20,2026-05-15
"1000821","1000821","821","{'1000821','1000822'}",Event_21,2026-05-15
"1000822","1000822","822","{'1000822','1000823'}",Event_22,2026-05-15
"1000823","1000823","823","{'1000823','1000824'}",Event_23,2026-05-15
"1000824","1000824","824","{'1000824','1000825'}",Event_24,2026-05-15
"1000825","1000825","825","{'1000825','1000826'}",Event_25,2026-05-15
"1000826","1000826","826","{'1000826','1000827'}",Event_26,2026-05-15
"1000827","1000827","827","{'1000827','1000828'}",Event_27,2026-05-15
"1000828","1000828","828","{'1000828','1000829'}",Event_28,2026-05-15
"1000829","1000829","829","{'1000829','1000830'}",Event_29,2026-05-15
"100083","100083","83","{'100083','100084'}",Event_83,2026-05-15
"1000830","1000830","830","{'1000830','1000831'}",Event_30,2026-05-15
"1000831","1000831","831","{'1000831','1000832'}",Event_31,2026-05-15
"1000832","1000832","832","{'1000832','1000833'}",Event_32,2026-05-15
"1000833","1000833","833","{'1000833','1000834'}",Event_33,2026-05-15
"1000834","1000834","834","{'1000834','1000835'}",Event_34,2026-05-15
"1000835","1000835","835","{'1000835','1000836'}",Event_35,2026-05-15
"1000836","1000836","836","{'1000836','1000837'}",Event_36,2026-05-15
"1000837","1000837","837","{'1000837','1000838'}",Event_37,2026-05-15
"1000838","1000838","838","{'1000838','1000839'}",Event_38,2026-05-15
"1000839","1000839","839","{'1000839','1000840'}",Event_39,2026-05-15
"100084","100084","84","{'100084','100085'}",Event_84,2026-05-15
"1000840","1000840","840","{'1000840','1000841'}",Event_40,2026-05-15
"1000841","1000841","841","{'1000841','1000842'}",Event_41,2026-05-15
"1000842","1000842","842","{'1000842','1000843'}",Event_42,2026-05-15
"1000843","1000843","843","{'1000843','1000844'}",Event_43,2026-05-15
"1000844","1000844","844","{'1000844','1000845'}",Event_44,2026-05-15
"1000845","1000845","845","{'1000845','1000846'}",Event_45,2026-05-15
"1000846","1000846","846","{'1000846','1000847'}",Event_46,2026-05-15
"1000847","1000847","847","{'1000847','1000848'}",Event_47,2026-05-15
"1000848","1000848","848","{'1000848','1000849'}",Event_48,2026-05-15
"1000849","1000849","849","{'1000849','1000850'}",Event_49,2026-05-15
"100085","100085","85","{'100085','100086'}",Event_85,2026-05-15
"1000850","1000850","850","{'1000850','1000851'}",Event_50,2026-05-15
"1000851","1000851","851","{'1000851','1000852'}",Event_51,2026-05-15
"1000852","1000852","852","{'1000852','1000853'}",Event_52,2026-05-15
"1000853","1000853","853","{'1000853','1000854'}",Event_53,2026-05-15
"1000854","1000854","854","{'1000854','1000855'}",Event_54,2026-05-15
"1000855","1000855","855","{'1000855','1000856'}",Event_55,2026-05-15
"1000856","1000856","856","{'1000856','1000857'}",Event_56,2026-05-15
"1000857","1000857","857","{'1000857','1000858'}",Event_57,2026-05-15
"1000858","1000858","858","{'1000858','1000859'}",Event_58,2026-05-15
"1000859","1000859","859","{'1000859','1000860'}",Event_59,2026-05-15
"100086","100086","86","{'100086','100087'}",Event_86,2026-05-15
"1000860","1000860","860","{'1000860','1000861'}",Event_60,2026-05-15
"1000861","1000861","861","{'1000861','1000862'}",Event_61,2026-05-15
"1000862","1000862","862","{'1000862','1000863'}",Event_62,2026-05-15
"1000863","1000863","863","{'1000863','1000864'}",Event_63,2026-05-15
"1000864","1000864","864","{'1000864','1000865'}",Event_64,2026-05-15
"1000865","1000865","865","{'1000865','1000866'}",Event_65,2026-05-15
"1000866","1000866","866","{'1000866','1000867'}",Event_66,2026-05-15
"1000867","1000867","867","{'1000867','1000868'}",Event_67,2026-05-15
"1000868","1000868","868","{'1000868','1000869'}",Event_68,2026-05-15
"1000869","1000869","869","{'1000869','1000870'}",Event_69,2026-05-15
"100087","100087","87","{'100087','100088'}",Event_87,2026-05-15
"1000870","1000870","870","{'1000870','1000871'}",Event_70,2026-05-15
"1000871","1000871","871","{'1000871','1000872'}",Event_71,2026-05-15
"1000872","1000872","872","{'1000872','1000873'}",Event_72,2026-05-15
"1000873","1000873","873","{'1000873','1000874'}",Event_73,2026-05-15
"1000874","1000874","874","{'1000874','1000875'}",Event_74,2026-05-15
"1000875","1000875","875","{'1000875','1000876'}",Event_75,2026-05-15
"1000876","1000876","876","{'1000876','1000877'}",Event_76,2026-05-15
"1000877","1000877","877","{'1000877','1000878'}",Event_77,2026-05-15
"1000878","1000878","878","{'1000878','1000879'}",Event_78,2026-05-15
"1000879","1000879","879","{'1000879','1000880'}",Event_79,2026-05-15
"100088","100088","88","{'100088','100089'}",Event_88,2026-05-15
"1000880","1000880","880","{'1000880','1000881'}",Event_80,2026-05-15
"1000881","1000881","881","{'1000881','1000882'}",Event_81,2026-05-15
"1000882","1000882","882","{'1000882','1000883'}",Event_82,2026-05-15
"1000883","1000883","883","{'1000883','1000884'}",Event_83,2026-05-15
"1000884","1000884","884","{'1000884','1000885'}",Event_84,2026-05-15
"1000885","1000885","885","{'1000885','1000886'}",Event_85,2026-05-15
"1000886","1000886","886","{'1000886','1000887'}",Event_86,2026-05-15
"1000887","1000887","887","{'1000887','1000888'}",Event_87,2026-05-15
"1000888","1000888","888","{'1000888','1000889'}",Event_88,2026-05-15
"1000889","1000889","889","{'1000889','1000890'}",Event_89,2026-05-15
"100089","100089","89","{'100089','100090'}",Event_89,2026-05-15
"1000890","1000890","890","{'1000890','1000891'}",Event_90,2026-05-15
"1000891","1000891","891","{'1000891','1000892'}",Event_91,2026-05-15
"1000892","1000892","892","{'1000892','1000893'}",Event_92,2026-05-15
"1000893","1000893","893","{'1000893','1000894'}",Event_93,2026-05-15
"1000894","1000894","894","{'1000894','1000895'}",Event_94,2026-05-15
"1000895","1000895","895","{'1000895','1000896'}",Event_95,2026-05-15