"id","customer_id","address","province_code","province_name","ward_code","ward_name","type","status","_record_date"
ADDR_HIST_0,"0",Address 0,"0",Province 0,"0",Ward 0,HOME,0,2026-05-13
ADDR_HIST_1,"1",Address 1,"1",Province 1,"1",Ward 1,WORK,1,2026-05-13
ADDR_HIST_10,"10",Address 10,"10",Province 10,"10",Ward 10,HOME,0,2026-05-13
ADDR_HIST_100,"100",Address 100,"37",Province 37,"100",Ward 100,HOME,0,2026-05-13
ADDR_HIST_1000,"1000",Address 1000,"55",Province 55,"0",Ward 0,HOME,0,2026-05-13
ADDR_HIST_10000,"10000",Address 10000,"46",Province 46,"0",Ward 0,HOME,0,2026-05-13
ADDR_HIST_100000,"100000",Address 100000,"19",Province 19,"0",Ward 0,HOME,0,2026-05-13
ADDR_HIST_1000000,"1000000",Address 1000000,"1",Province 1,"0",Ward 0,HOME,0,2026-05-13
ADDR_HIST_1000001,"1000001",Address 1000001,"2",Province 2,"1",Ward 1,WORK,1,2026-05-13
ADDR_HIST_1000002,"1000002",Address 1000002,"3",Province 3,"2",Ward 2,HOME,1,2026-05-13
ADDR_HIST_1000003,"1000003",Address 1000003,"4",Province 4,"3",Ward 3,WORK,1,2026-05-13
ADDR_HIST_1000004,"1000004",Address 1000004,"5",Province 5,"4",Ward 4,HOME,1,2026-05-13
ADDR_HIST_1000005,"1000005",Address 1000005,"6",Province 6,"5",Ward 5,WORK,0,2026-05-13
ADDR_HIST_1000006,"1000006",Address 1000006,"7",Province 7,"6",Ward 6,HOME,1,2026-05-13
ADDR_HIST_1000007,"1000007",Address 1000007,"8",Province 8,"7",Ward 7,WORK,1,2026-05-13
ADDR_HIST_1000008,"1000008",Address 1000008,"9",Province 9,"8",Ward 8,HOME,1,2026-05-13
ADDR_HIST_1000009,"1000009",Address 1000009,"10",Province 10,"9",Ward 9,WORK,1,2026-05-13
ADDR_HIST_100001,"100001",Address 100001,"20",Province 20,"1",Ward 1,WORK,1,2026-05-13
ADDR_HIST_1000010,"1000010",Address 1000010,"11",Province 11,"10",Ward 10,HOME,0,2026-05-13
ADDR_HIST_1000011,"1000011",Address 1000011,"12",Province 12,"11",Ward 11,WORK,1,2026-05-13
ADDR_HIST_1000012,"1000012",Address 1000012,"13",Province 13,"12",Ward 12,HOME,1,2026-05-13
ADDR_HIST_1000013,"1000013",Address 1000013,"14",Province 14,"13",Ward 13,WORK,1,2026-05-13
ADDR_HIST_1000014,"1000014",Address 1000014,"15",Province 15,"14",Ward 14,HOME,1,2026-05-13
ADDR_HIST_1000015,"1000015",Address 1000015,"16",Province 16,"15",Ward 15,WORK,0,2026-05-13
ADDR_HIST_1000016,"1000016",Address 1000016,"17",Province 17,"16",Ward 16,HOME,1,2026-05-13
ADDR_HIST_1000017,"1000017",Address 1000017,"18",Province 18,"17",Ward 17,WORK,1,2026-05-13
ADDR_HIST_1000018,"1000018",Address 1000018,"19",Province 19,"18",Ward 18,HOME,1,2026-05-13
ADDR_HIST_1000019,"1000019",Address 1000019,"20",Province 20,"19",Ward 19,WORK,1,2026-05-13
ADDR_HIST_100002,"100002",Address 100002,"21",Province 21,"2",Ward 2,HOME,1,2026-05-13
ADDR_HIST_1000020,"1000020",Address 1000020,"21",Province 21,"20",Ward 20,HOME,0,2026-05-13
ADDR_HIST_1000021,"1000021",Address 1000021,"22",Province 22,"21",Ward 21,WORK,1,2026-05-13
ADDR_HIST_1000022,"1000022",Address 1000022,"23",Province 23,"22",Ward 22,HOME,1,2026-05-13
ADDR_HIST_1000023,"1000023",Address 1000023,"24",Province 24,"23",Ward 23,WORK,1,2026-05-13
ADDR_HIST_1000024,"1000024",Address 1000024,"25",Province 25,"24",Ward 24,HOME,1,2026-05-13
ADDR_HIST_1000025,"1000025",Address 1000025,"26",Province 26,"25",Ward 25,WORK,0,2026-05-13
ADDR_HIST_1000026,"1000026",Address 1000026,"27",Province 27,"26",Ward 26,HOME,1,2026-05-13
ADDR_HIST_1000027,"1000027",Address 1000027,"28",Province 28,"27",Ward 27,WORK,1,2026-05-13
ADDR_HIST_1000028,"1000028",Address 1000028,"29",Province 29,"28",Ward 28,HOME,1,2026-05-13
ADDR_HIST_1000029,"1000029",Address 1000029,"30",Province 30,"29",Ward 29,WORK,1,2026-05-13
ADDR_HIST_100003,"100003",Address 100003,"22",Province 22,"3",Ward 3,WORK,1,2026-05-13
ADDR_HIST_1000030,"1000030",Address 1000030,"31",Province 31,"30",Ward 30,HOME,0,2026-05-13
ADDR_HIST_1000031,"1000031",Address 1000031,"32",Province 32,"31",Ward 31,WORK,1,2026-05-13
ADDR_HIST_1000032,"1000032",Address 1000032,"33",Province 33,"32",Ward 32,HOME,1,2026-05-13
ADDR_HIST_1000033,"1000033",Address 1000033,"34",Province 34,"33",Ward 33,WORK,1,2026-05-13
ADDR_HIST_1000034,"1000034",Address 1000034,"35",Province 35,"34",Ward 34,HOME,1,2026-05-13
ADDR_HIST_1000035,"1000035",Address 1000035,"36",Province 36,"35",Ward 35,WORK,0,2026-05-13
ADDR_HIST_1000036,"1000036",Address 1000036,"37",Province 37,"36",Ward 36,HOME,1,2026-05-13
ADDR_HIST_1000037,"1000037",Address 1000037,"38",Province 38,"37",Ward 37,WORK,1,2026-05-13
ADDR_HIST_1000038,"1000038",Address 1000038,"39",Province 39,"38",Ward 38,HOME,1,2026-05-13
ADDR_HIST_1000039,"1000039",Address 1000039,"40",Province 40,"39",Ward 39,WORK,1,2026-05-13
ADDR_HIST_100004,"100004",Address 100004,"23",Province 23,"4",Ward 4,HOME,1,2026-05-13
ADDR_HIST_1000040,"1000040",Address 1000040,"41",Province 41,"40",Ward 40,HOME,0,2026-05-13
ADDR_HIST_1000041,"1000041",Address 1000041,"42",Province 42,"41",Ward 41,WORK,1,2026-05-13
ADDR_HIST_1000042,"1000042",Address 1000042,"43",Province 43,"42",Ward 42,HOME,1,2026-05-13
ADDR_HIST_1000043,"1000043",Address 1000043,"44",Province 44,"43",Ward 43,WORK,1,2026-05-13
ADDR_HIST_1000044,"1000044",Address 1000044,"45",Province 45,"44",Ward 44,HOME,1,2026-05-13
ADDR_HIST_1000045,"1000045",Address 1000045,"46",Province 46,"45",Ward 45,WORK,0,2026-05-13
ADDR_HIST_1000046,"1000046",Address 1000046,"47",Province 47,"46",Ward 46,HOME,1,2026-05-13
ADDR_HIST_1000047,"1000047",Address 1000047,"48",Province 48,"47",Ward 47,WORK,1,2026-05-13
ADDR_HIST_1000048,"1000048",Address 1000048,"49",Province 49,"48",Ward 48,HOME,1,2026-05-13
ADDR_HIST_1000049,"1000049",Address 1000049,"50",Province 50,"49",Ward 49,WORK,1,2026-05-13
ADDR_HIST_100005,"100005",Address 100005,"24",Province 24,"5",Ward 5,WORK,0,2026-05-13
ADDR_HIST_1000050,"1000050",Address 1000050,"51",Province 51,"50",Ward 50,HOME,0,2026-05-13
ADDR_HIST_1000051,"1000051",Address 1000051,"52",Province 52,"51",Ward 51,WORK,1,2026-05-13
ADDR_HIST_1000052,"1000052",Address 1000052,"53",Province 53,"52",Ward 52,HOME,1,2026-05-13
ADDR_HIST_1000053,"1000053",Address 1000053,"54",Province 54,"53",Ward 53,WORK,1,2026-05-13
ADDR_HIST_1000054,"1000054",Address 1000054,"55",Province 55,"54",Ward 54,HOME,1,2026-05-13
ADDR_HIST_1000055,"1000055",Address 1000055,"56",Province 56,"55",Ward 55,WORK,0,2026-05-13
ADDR_HIST_1000056,"1000056",Address 1000056,"57",Province 57,"56",Ward 56,HOME,1,2026-05-13
ADDR_HIST_1000057,"1000057",Address 1000057,"58",Province 58,"57",Ward 57,WORK,1,2026-05-13
ADDR_HIST_1000058,"1000058",Address 1000058,"59",Province 59,"58",Ward 58,HOME,1,2026-05-13
ADDR_HIST_1000059,"1000059",Address 1000059,"60",Province 60,"59",Ward 59,WORK,1,2026-05-13
ADDR_HIST_100006,"100006",Address 100006,"25",Province 25,"6",Ward 6,HOME,1,2026-05-13
ADDR_HIST_1000060,"1000060",Address 1000060,"61",Province 61,"60",Ward 60,HOME,0,2026-05-13
ADDR_HIST_1000061,"1000061",Address 1000061,"62",Province 62,"61",Ward 61,WORK,1,2026-05-13
ADDR_HIST_1000062,"1000062",Address 1000062,"0",Province 0,"62",Ward 62,HOME,1,2026-05-13
ADDR_HIST_1000063,"1000063",Address 1000063,"1",Province 1,"63",Ward 63,WORK,1,2026-05-13
ADDR_HIST_1000064,"1000064",Address 1000064,"2",Province 2,"64",Ward 64,HOME,1,2026-05-13
ADDR_HIST_1000065,"1000065",Address 1000065,"3",Province 3,"65",Ward 65,WORK,0,2026-05-13
ADDR_HIST_1000066,"1000066",Address 1000066,"4",Province 4,"66",Ward 66,HOME,1,2026-05-13
ADDR_HIST_1000067,"1000067",Address 1000067,"5",Province 5,"67",Ward 67,WORK,1,2026-05-13
ADDR_HIST_1000068,"1000068",Address 1000068,"6",Province 6,"68",Ward 68,HOME,1,2026-05-13
ADDR_HIST_1000069,"1000069",Address 1000069,"7",Province 7,"69",Ward 69,WORK,1,2026-05-13
ADDR_HIST_100007,"100007",Address 100007,"26",Province 26,"7",Ward 7,WORK,1,2026-05-13
ADDR_HIST_1000070,"1000070",Address 1000070,"8",Province 8,"70",Ward 70,HOME,0,2026-05-13
ADDR_HIST_1000071,"1000071",Address 1000071,"9",Province 9,"71",Ward 71,WORK,1,2026-05-13
ADDR_HIST_1000072,"1000072",Address 1000072,"10",Province 10,"72",Ward 72,HOME,1,2026-05-13
ADDR_HIST_1000073,"1000073",Address 1000073,"11",Province 11,"73",Ward 73,WORK,1,2026-05-13
ADDR_HIST_1000074,"1000074",Address 1000074,"12",Province 12,"74",Ward 74,HOME,1,2026-05-13
ADDR_HIST_1000075,"1000075",Address 1000075,"13",Province 13,"75",Ward 75,WORK,0,2026-05-13
ADDR_HIST_1000076,"1000076",Address 1000076,"14",Province 14,"76",Ward 76,HOME,1,2026-05-13
ADDR_HIST_1000077,"1000077",Address 1000077,"15",Province 15,"77",Ward 77,WORK,1,2026-05-13
ADDR_HIST_1000078,"1000078",Address 1000078,"16",Province 16,"78",Ward 78,HOME,1,2026-05-13
ADDR_HIST_1000079,"1000079",Address 1000079,"17",Province 17,"79",Ward 79,WORK,1,2026-05-13
ADDR_HIST_100008,"100008",Address 100008,"27",Province 27,"8",Ward 8,HOME,1,2026-05-13
ADDR_HIST_1000080,"1000080",Address 1000080,"18",Province 18,"80",Ward 80,HOME,0,2026-05-13
ADDR_HIST_1000081,"1000081",Address 1000081,"19",Province 19,"81",Ward 81,WORK,1,2026-05-13
ADDR_HIST_1000082,"1000082",Address 1000082,"20",Province 20,"82",Ward 82,HOME,1,2026-05-13
ADDR_HIST_1000083,"1000083",Address 1000083,"21",Province 21,"83",Ward 83,WORK,1,2026-05-13
ADDR_HIST_1000084,"1000084",Address 1000084,"22",Province 22,"84",Ward 84,HOME,1,2026-05-13
ADDR_HIST_1000085,"1000085",Address 1000085,"23",Province 23,"85",Ward 85,WORK,0,2026-05-13
ADDR_HIST_1000086,"1000086",Address 1000086,"24",Province 24,"86",Ward 86,HOME,1,2026-05-13
ADDR_HIST_1000087,"1000087",Address 1000087,"25",Province 25,"87",Ward 87,WORK,1,2026-05-13
ADDR_HIST_1000088,"1000088",Address 1000088,"26",Province 26,"88",Ward 88,HOME,1,2026-05-13
ADDR_HIST_1000089,"1000089",Address 1000089,"27",Province 27,"89",Ward 89,WORK,1,2026-05-13
ADDR_HIST_100009,"100009",Address 100009,"28",Province 28,"9",Ward 9,WORK,1,2026-05-13
ADDR_HIST_1000090,"1000090",Address 1000090,"28",Province 28,"90",Ward 90,HOME,0,2026-05-13
ADDR_HIST_1000091,"1000091",Address 1000091,"29",Province 29,"91",Ward 91,WORK,1,2026-05-13
ADDR_HIST_1000092,"1000092",Address 1000092,"30",Province 30,"92",Ward 92,HOME,1,2026-05-13
ADDR_HIST_1000093,"1000093",Address 1000093,"31",Province 31,"93",Ward 93,WORK,1,2026-05-13
ADDR_HIST_1000094,"1000094",Address 1000094,"32",Province 32,"94",Ward 94,HOME,1,2026-05-13
ADDR_HIST_1000095,"1000095",Address 1000095,"33",Province 33,"95",Ward 95,WORK,0,2026-05-13
ADDR_HIST_1000096,"1000096",Address 1000096,"34",Province 34,"96",Ward 96,HOME,1,2026-05-13
ADDR_HIST_1000097,"1000097",Address 1000097,"35",Province 35,"97",Ward 97,WORK,1,2026-05-13
ADDR_HIST_1000098,"1000098",Address 1000098,"36",Province 36,"98",Ward 98,HOME,1,2026-05-13
ADDR_HIST_1000099,"1000099",Address 1000099,"37",Province 37,"99",Ward 99,WORK,1,2026-05-13
ADDR_HIST_10001,"10001",Address 10001,"47",Province 47,"1",Ward 1,WORK,1,2026-05-13
ADDR_HIST_100010,"100010",Address 100010,"29",Province 29,"10",Ward 10,HOME,0,2026-05-13
ADDR_HIST_1000100,"1000100",Address 1000100,"38",Province 38,"100",Ward 100,HOME,0,2026-05-13
ADDR_HIST_1000101,"1000101",Address 1000101,"39",Province 39,"101",Ward 101,WORK,1,2026-05-13
ADDR_HIST_1000102,"1000102",Address 1000102,"40",Province 40,"102",Ward 102,HOME,1,2026-05-13
ADDR_HIST_1000103,"1000103",Address 1000103,"41",Province 41,"103",Ward 103,WORK,1,2026-05-13
ADDR_HIST_1000104,"1000104",Address 1000104,"42",Province 42,"104",Ward 104,HOME,1,2026-05-13
ADDR_HIST_1000105,"1000105",Address 1000105,"43",Province 43,"105",Ward 105,WORK,0,2026-05-13
ADDR_HIST_1000106,"1000106",Address 1000106,"44",Province 44,"106",Ward 106,HOME,1,2026-05-13
ADDR_HIST_1000107,"1000107",Address 1000107,"45",Province 45,"107",Ward 107,WORK,1,2026-05-13
ADDR_HIST_1000108,"1000108",Address 1000108,"46",Province 46,"108",Ward 108,HOME,1,2026-05-13
ADDR_HIST_1000109,"1000109",Address 1000109,"47",Province 47,"109",Ward 109,WORK,1,2026-05-13
ADDR_HIST_100011,"100011",Address 100011,"30",Province 30,"11",Ward 11,WORK,1,2026-05-13
ADDR_HIST_1000110,"1000110",Address 1000110,"48",Province 48,"110",Ward 110,HOME,0,2026-05-13
ADDR_HIST_1000111,"1000111",Address 1000111,"49",Province 49,"111",Ward 111,WORK,1,2026-05-13
ADDR_HIST_1000112,"1000112",Address 1000112,"50",Province 50,"112",Ward 112,HOME,1,2026-05-13
ADDR_HIST_1000113,"1000113",Address 1000113,"51",Province 51,"113",Ward 113,WORK,1,2026-05-13
ADDR_HIST_1000114,"1000114",Address 1000114,"52",Province 52,"114",Ward 114,HOME,1,2026-05-13
ADDR_HIST_1000115,"1000115",Address 1000115,"53",Province 53,"115",Ward 115,WORK,0,2026-05-13
ADDR_HIST_1000116,"1000116",Address 1000116,"54",Province 54,"116",Ward 116,HOME,1,2026-05-13
ADDR_HIST_1000117,"1000117",Address 1000117,"55",Province 55,"117",Ward 117,WORK,1,2026-05-13
ADDR_HIST_1000118,"1000118",Address 1000118,"56",Province 56,"118",Ward 118,HOME,1,2026-05-13
ADDR_HIST_1000119,"1000119",Address 1000119,"57",Province 57,"119",Ward 119,WORK,1,2026-05-13
ADDR_HIST_100012,"100012",Address 100012,"31",Province 31,"12",Ward 12,HOME,1,2026-05-13
ADDR_HIST_1000120,"1000120",Address 1000120,"58",Province 58,"120",Ward 120,HOME,0,2026-05-13
ADDR_HIST_1000121,"1000121",Address 1000121,"59",Province 59,"121",Ward 121,WORK,1,2026-05-13
ADDR_HIST_1000122,"1000122",Address 1000122,"60",Province 60,"122",Ward 122,HOME,1,2026-05-13
ADDR_HIST_1000123,"1000123",Address 1000123,"61",Province 61,"123",Ward 123,WORK,1,2026-05-13
ADDR_HIST_1000124,"1000124",Address 1000124,"62",Province 62,"124",Ward 124,HOME,1,2026-05-13
ADDR_HIST_1000125,"1000125",Address 1000125,"0",Province 0,"125",Ward 125,WORK,0,2026-05-13
ADDR_HIST_1000126,"1000126",Address 1000126,"1",Province 1,"126",Ward 126,HOME,1,2026-05-13
ADDR_HIST_1000127,"1000127",Address 1000127,"2",Province 2,"127",Ward 127,WORK,1,2026-05-13
ADDR_HIST_1000128,"1000128",Address 1000128,"3",Province 3,"128",Ward 128,HOME,1,2026-05-13
ADDR_HIST_1000129,"1000129",Address 1000129,"4",Province 4,"129",Ward 129,WORK,1,2026-05-13
ADDR_HIST_100013,"100013",Address 100013,"32",Province 32,"13",Ward 13,WORK,1,2026-05-13
ADDR_HIST_1000130,"1000130",Address 1000130,"5",Province 5,"130",Ward 130,HOME,0,2026-05-13
ADDR_HIST_1000131,"1000131",Address 1000131,"6",Province 6,"131",Ward 131,WORK,1,2026-05-13
ADDR_HIST_1000132,"1000132",Address 1000132,"7",Province 7,"132",Ward 132,HOME,1,2026-05-13
ADDR_HIST_1000133,"1000133",Address 1000133,"8",Province 8,"133",Ward 133,WORK,1,2026-05-13
ADDR_HIST_1000134,"1000134",Address 1000134,"9",Province 9,"134",Ward 134,HOME,1,2026-05-13
ADDR_HIST_1000135,"1000135",Address 1000135,"10",Province 10,"135",Ward 135,WORK,0,2026-05-13
ADDR_HIST_1000136,"1000136",Address 1000136,"11",Province 11,"136",Ward 136,HOME,1,2026-05-13
ADDR_HIST_1000137,"1000137",Address 1000137,"12",Province 12,"137",Ward 137,WORK,1,2026-05-13
ADDR_HIST_1000138,"1000138",Address 1000138,"13",Province 13,"138",Ward 138,HOME,1,2026-05-13
ADDR_HIST_1000139,"1000139",Address 1000139,"14",Province 14,"139",Ward 139,WORK,1,2026-05-13
ADDR_HIST_100014,"100014",Address 100014,"33",Province 33,"14",Ward 14,HOME,1,2026-05-13
ADDR_HIST_1000140,"1000140",Address 1000140,"15",Province 15,"140",Ward 140,HOME,0,2026-05-13
ADDR_HIST_1000141,"1000141",Address 1000141,"16",Province 16,"141",Ward 141,WORK,1,2026-05-13
ADDR_HIST_1000142,"1000142",Address 1000142,"17",Province 17,"142",Ward 142,HOME,1,2026-05-13
ADDR_HIST_1000143,"1000143",Address 1000143,"18",Province 18,"143",Ward 143,WORK,1,2026-05-13
ADDR_HIST_1000144,"1000144",Address 1000144,"19",Province 19,"144",Ward 144,HOME,1,2026-05-13
ADDR_HIST_1000145,"1000145",Address 1000145,"20",Province 20,"145",Ward 145,WORK,0,2026-05-13
ADDR_HIST_1000146,"1000146",Address 1000146,"21",Province 21,"146",Ward 146,HOME,1,2026-05-13
ADDR_HIST_1000147,"1000147",Address 1000147,"22",Province 22,"147",Ward 147,WORK,1,2026-05-13
ADDR_HIST_1000148,"1000148",Address 1000148,"23",Province 23,"148",Ward 148,HOME,1,2026-05-13
ADDR_HIST_1000149,"1000149",Address 1000149,"24",Province 24,"149",Ward 149,WORK,1,2026-05-13
ADDR_HIST_100015,"100015",Address 100015,"34",Province 34,"15",Ward 15,WORK,0,2026-05-13
ADDR_HIST_1000150,"1000150",Address 1000150,"25",Province 25,"150",Ward 150,HOME,0,2026-05-13
ADDR_HIST_1000151,"1000151",Address 1000151,"26",Province 26,"151",Ward 151,WORK,1,2026-05-13
ADDR_HIST_1000152,"1000152",Address 1000152,"27",Province 27,"152",Ward 152,HOME,1,2026-05-13
ADDR_HIST_1000153,"1000153",Address 1000153,"28",Province 28,"153",Ward 153,WORK,1,2026-05-13
ADDR_HIST_1000154,"1000154",Address 1000154,"29",Province 29,"154",Ward 154,HOME,1,2026-05-13
ADDR_HIST_1000155,"1000155",Address 1000155,"30",Province 30,"155",Ward 155,WORK,0,2026-05-13
ADDR_HIST_1000156,"1000156",Address 1000156,"31",Province 31,"156",Ward 156,HOME,1,2026-05-13
ADDR_HIST_1000157,"1000157",Address 1000157,"32",Province 32,"157",Ward 157,WORK,1,2026-05-13
ADDR_HIST_1000158,"1000158",Address 1000158,"33",Province 33,"158",Ward 158,HOME,1,2026-05-13
ADDR_HIST_1000159,"1000159",Address 1000159,"34",Province 34,"159",Ward 159,WORK,1,2026-05-13
ADDR_HIST_100016,"100016",Address 100016,"35",Province 35,"16",Ward 16,HOME,1,2026-05-13
ADDR_HIST_1000160,"1000160",Address 1000160,"35",Province 35,"160",Ward 160,HOME,0,2026-05-13
ADDR_HIST_1000161,"1000161",Address 1000161,"36",Province 36,"161",Ward 161,WORK,1,2026-05-13
ADDR_HIST_1000162,"1000162",Address 1000162,"37",Province 37,"162",Ward 162,HOME,1,2026-05-13
ADDR_HIST_1000163,"1000163",Address 1000163,"38",Province 38,"163",Ward 163,WORK,1,2026-05-13
ADDR_HIST_1000164,"1000164",Address 1000164,"39",Province 39,"164",Ward 164,HOME,1,2026-05-13
ADDR_HIST_1000165,"1000165",Address 1000165,"40",Province 40,"165",Ward 165,WORK,0,2026-05-13
ADDR_HIST_1000166,"1000166",Address 1000166,"41",Province 41,"166",Ward 166,HOME,1,2026-05-13
ADDR_HIST_1000167,"1000167",Address 1000167,"42",Province 42,"167",Ward 167,WORK,1,2026-05-13
ADDR_HIST_1000168,"1000168",Address 1000168,"43",Province 43,"168",Ward 168,HOME,1,2026-05-13
ADDR_HIST_1000169,"1000169",Address 1000169,"44",Province 44,"169",Ward 169,WORK,1,2026-05-13
ADDR_HIST_100017,"100017",Address 100017,"36",Province 36,"17",Ward 17,WORK,1,2026-05-13
ADDR_HIST_1000170,"1000170",Address 1000170,"45",Province 45,"170",Ward 170,HOME,0,2026-05-13
ADDR_HIST_1000171,"1000171",Address 1000171,"46",Province 46,"171",Ward 171,WORK,1,2026-05-13
ADDR_HIST_1000172,"1000172",Address 1000172,"47",Province 47,"172",Ward 172,HOME,1,2026-05-13
ADDR_HIST_1000173,"1000173",Address 1000173,"48",Province 48,"173",Ward 173,WORK,1,2026-05-13
ADDR_HIST_1000174,"1000174",Address 1000174,"49",Province 49,"174",Ward 174,HOME,1,2026-05-13
ADDR_HIST_1000175,"1000175",Address 1000175,"50",Province 50,"175",Ward 175,WORK,0,2026-05-13
ADDR_HIST_1000176,"1000176",Address 1000176,"51",Province 51,"176",Ward 176,HOME,1,2026-05-13
ADDR_HIST_1000177,"1000177",Address 1000177,"52",Province 52,"177",Ward 177,WORK,1,2026-05-13
ADDR_HIST_1000178,"1000178",Address 1000178,"53",Province 53,"178",Ward 178,HOME,1,2026-05-13
ADDR_HIST_1000179,"1000179",Address 1000179,"54",Province 54,"179",Ward 179,WORK,1,2026-05-13
ADDR_HIST_100018,"100018",Address 100018,"37",Province 37,"18",Ward 18,HOME,1,2026-05-13
ADDR_HIST_1000180,"1000180",Address 1000180,"55",Province 55,"180",Ward 180,HOME,0,2026-05-13
ADDR_HIST_1000181,"1000181",Address 1000181,"56",Province 56,"181",Ward 181,WORK,1,2026-05-13
ADDR_HIST_1000182,"1000182",Address 1000182,"57",Province 57,"182",Ward 182,HOME,1,2026-05-13
ADDR_HIST_1000183,"1000183",Address 1000183,"58",Province 58,"183",Ward 183,WORK,1,2026-05-13
ADDR_HIST_1000184,"1000184",Address 1000184,"59",Province 59,"184",Ward 184,HOME,1,2026-05-13
ADDR_HIST_1000185,"1000185",Address 1000185,"60",Province 60,"185",Ward 185,WORK,0,2026-05-13
ADDR_HIST_1000186,"1000186",Address 1000186,"61",Province 61,"186",Ward 186,HOME,1,2026-05-13
ADDR_HIST_1000187,"1000187",Address 1000187,"62",Province 62,"187",Ward 187,WORK,1,2026-05-13
ADDR_HIST_1000188,"1000188",Address 1000188,"0",Province 0,"188",Ward 188,HOME,1,2026-05-13
ADDR_HIST_1000189,"1000189",Address 1000189,"1",Province 1,"189",Ward 189,WORK,1,2026-05-13
ADDR_HIST_100019,"100019",Address 100019,"38",Province 38,"19",Ward 19,WORK,1,2026-05-13
ADDR_HIST_1000190,"1000190",Address 1000190,"2",Province 2,"190",Ward 190,HOME,0,2026-05-13
ADDR_HIST_1000191,"1000191",Address 1000191,"3",Province 3,"191",Ward 191,WORK,1,2026-05-13
ADDR_HIST_1000192,"1000192",Address 1000192,"4",Province 4,"192",Ward 192,HOME,1,2026-05-13
ADDR_HIST_1000193,"1000193",Address 1000193,"5",Province 5,"193",Ward 193,WORK,1,2026-05-13
ADDR_HIST_1000194,"1000194",Address 1000194,"6",Province 6,"194",Ward 194,HOME,1,2026-05-13
ADDR_HIST_1000195,"1000195",Address 1000195,"7",Province 7,"195",Ward 195,WORK,0,2026-05-13
ADDR_HIST_1000196,"1000196",Address 1000196,"8",Province 8,"196",Ward 196,HOME,1,2026-05-13
ADDR_HIST_1000197,"1000197",Address 1000197,"9",Province 9,"197",Ward 197,WORK,1,2026-05-13
ADDR_HIST_1000198,"1000198",Address 1000198,"10",Province 10,"198",Ward 198,HOME,1,2026-05-13
ADDR_HIST_1000199,"1000199",Address 1000199,"11",Province 11,"199",Ward 199,WORK,1,2026-05-13
ADDR_HIST_10002,"10002",Address 10002,"48",Province 48,"2",Ward 2,HOME,1,2026-05-13
ADDR_HIST_100020,"100020",Address 100020,"39",Province 39,"20",Ward 20,HOME,0,2026-05-13
ADDR_HIST_1000200,"1000200",Address 1000200,"12",Province 12,"200",Ward 200,HOME,0,2026-05-13
ADDR_HIST_1000201,"1000201",Address 1000201,"13",Province 13,"201",Ward 201,WORK,1,2026-05-13
ADDR_HIST_1000202,"1000202",Address 1000202,"14",Province 14,"202",Ward 202,HOME,1,2026-05-13
ADDR_HIST_1000203,"1000203",Address 1000203,"15",Province 15,"203",Ward 203,WORK,1,2026-05-13
ADDR_HIST_1000204,"1000204",Address 1000204,"16",Province 16,"204",Ward 204,HOME,1,2026-05-13
ADDR_HIST_1000205,"1000205",Address 1000205,"17",Province 17,"205",Ward 205,WORK,0,2026-05-13
ADDR_HIST_1000206,"1000206",Address 1000206,"18",Province 18,"206",Ward 206,HOME,1,2026-05-13
ADDR_HIST_1000207,"1000207",Address 1000207,"19",Province 19,"207",Ward 207,WORK,1,2026-05-13
ADDR_HIST_1000208,"1000208",Address 1000208,"20",Province 20,"208",Ward 208,HOME,1,2026-05-13
ADDR_HIST_1000209,"1000209",Address 1000209,"21",Province 21,"209",Ward 209,WORK,1,2026-05-13
ADDR_HIST_100021,"100021",Address 100021,"40",Province 40,"21",Ward 21,WORK,1,2026-05-13
ADDR_HIST_1000210,"1000210",Address 1000210,"22",Province 22,"210",Ward 210,HOME,0,2026-05-13
ADDR_HIST_1000211,"1000211",Address 1000211,"23",Province 23,"211",Ward 211,WORK,1,2026-05-13
ADDR_HIST_1000212,"1000212",Address 1000212,"24",Province 24,"212",Ward 212,HOME,1,2026-05-13
ADDR_HIST_1000213,"1000213",Address 1000213,"25",Province 25,"213",Ward 213,WORK,1,2026-05-13
ADDR_HIST_1000214,"1000214",Address 1000214,"26",Province 26,"214",Ward 214,HOME,1,2026-05-13
ADDR_HIST_1000215,"1000215",Address 1000215,"27",Province 27,"215",Ward 215,WORK,0,2026-05-13
ADDR_HIST_1000216,"1000216",Address 1000216,"28",Province 28,"216",Ward 216,HOME,1,2026-05-13
ADDR_HIST_1000217,"1000217",Address 1000217,"29",Province 29,"217",Ward 217,WORK,1,2026-05-13
ADDR_HIST_1000218,"1000218",Address 1000218,"30",Province 30,"218",Ward 218,HOME,1,2026-05-13
ADDR_HIST_1000219,"1000219",Address 1000219,"31",Province 31,"219",Ward 219,WORK,1,2026-05-13
ADDR_HIST_100022,"100022",Address 100022,"41",Province 41,"22",Ward 22,HOME,1,2026-05-13
ADDR_HIST_1000220,"1000220",Address 1000220,"32",Province 32,"220",Ward 220,HOME,0,2026-05-13
ADDR_HIST_1000221,"1000221",Address 1000221,"33",Province 33,"221",Ward 221,WORK,1,2026-05-13
ADDR_HIST_1000222,"1000222",Address 1000222,"34",Province 34,"222",Ward 222,HOME,1,2026-05-13
ADDR_HIST_1000223,"1000223",Address 1000223,"35",Province 35,"223",Ward 223,WORK,1,2026-05-13
ADDR_HIST_1000224,"1000224",Address 1000224,"36",Province 36,"224",Ward 224,HOME,1,2026-05-13
ADDR_HIST_1000225,"1000225",Address 1000225,"37",Province 37,"225",Ward 225,WORK,0,2026-05-13
ADDR_HIST_1000226,"1000226",Address 1000226,"38",Province 38,"226",Ward 226,HOME,1,2026-05-13
ADDR_HIST_1000227,"1000227",Address 1000227,"39",Province 39,"227",Ward 227,WORK,1,2026-05-13
ADDR_HIST_1000228,"1000228",Address 1000228,"40",Province 40,"228",Ward 228,HOME,1,2026-05-13
ADDR_HIST_1000229,"1000229",Address 1000229,"41",Province 41,"229",Ward 229,WORK,1,2026-05-13
ADDR_HIST_100023,"100023",Address 100023,"42",Province 42,"23",Ward 23,WORK,1,2026-05-13
ADDR_HIST_1000230,"1000230",Address 1000230,"42",Province 42,"230",Ward 230,HOME,0,2026-05-13
ADDR_HIST_1000231,"1000231",Address 1000231,"43",Province 43,"231",Ward 231,WORK,1,2026-05-13
ADDR_HIST_1000232,"1000232",Address 1000232,"44",Province 44,"232",Ward 232,HOME,1,2026-05-13
ADDR_HIST_1000233,"1000233",Address 1000233,"45",Province 45,"233",Ward 233,WORK,1,2026-05-13
ADDR_HIST_1000234,"1000234",Address 1000234,"46",Province 46,"234",Ward 234,HOME,1,2026-05-13
ADDR_HIST_1000235,"1000235",Address 1000235,"47",Province 47,"235",Ward 235,WORK,0,2026-05-13
ADDR_HIST_1000236,"1000236",Address 1000236,"48",Province 48,"236",Ward 236,HOME,1,2026-05-13
ADDR_HIST_1000237,"1000237",Address 1000237,"49",Province 49,"237",Ward 237,WORK,1,2026-05-13
ADDR_HIST_1000238,"1000238",Address 1000238,"50",Province 50,"238",Ward 238,HOME,1,2026-05-13
ADDR_HIST_1000239,"1000239",Address 1000239,"51",Province 51,"239",Ward 239,WORK,1,2026-05-13
ADDR_HIST_100024,"100024",Address 100024,"43",Province 43,"24",Ward 24,HOME,1,2026-05-13
ADDR_HIST_1000240,"1000240",Address 1000240,"52",Province 52,"240",Ward 240,HOME,0,2026-05-13
ADDR_HIST_1000241,"1000241",Address 1000241,"53",Province 53,"241",Ward 241,WORK,1,2026-05-13
ADDR_HIST_1000242,"1000242",Address 1000242,"54",Province 54,"242",Ward 242,HOME,1,2026-05-13
ADDR_HIST_1000243,"1000243",Address 1000243,"55",Province 55,"243",Ward 243,WORK,1,2026-05-13
ADDR_HIST_1000244,"1000244",Address 1000244,"56",Province 56,"244",Ward 244,HOME,1,2026-05-13
ADDR_HIST_1000245,"1000245",Address 1000245,"57",Province 57,"245",Ward 245,WORK,0,2026-05-13
ADDR_HIST_1000246,"1000246",Address 1000246,"58",Province 58,"246",Ward 246,HOME,1,2026-05-13
ADDR_HIST_1000247,"1000247",Address 1000247,"59",Province 59,"247",Ward 247,WORK,1,2026-05-13
ADDR_HIST_1000248,"1000248",Address 1000248,"60",Province 60,"248",Ward 248,HOME,1,2026-05-13
ADDR_HIST_1000249,"1000249",Address 1000249,"61",Province 61,"249",Ward 249,WORK,1,2026-05-13
ADDR_HIST_100025,"100025",Address 100025,"44",Province 44,"25",Ward 25,WORK,0,2026-05-13
ADDR_HIST_1000250,"1000250",Address 1000250,"62",Province 62,"250",Ward 250,HOME,0,2026-05-13
ADDR_HIST_1000251,"1000251",Address 1000251,"0",Province 0,"251",Ward 251,WORK,1,2026-05-13
ADDR_HIST_1000252,"1000252",Address 1000252,"1",Province 1,"252",Ward 252,HOME,1,2026-05-13
ADDR_HIST_1000253,"1000253",Address 1000253,"2",Province 2,"253",Ward 253,WORK,1,2026-05-13
ADDR_HIST_1000254,"1000254",Address 1000254,"3",Province 3,"254",Ward 254,HOME,1,2026-05-13
ADDR_HIST_1000255,"1000255",Address 1000255,"4",Province 4,"255",Ward 255,WORK,0,2026-05-13
ADDR_HIST_1000256,"1000256",Address 1000256,"5",Province 5,"256",Ward 256,HOME,1,2026-05-13
ADDR_HIST_1000257,"1000257",Address 1000257,"6",Province 6,"257",Ward 257,WORK,1,2026-05-13
ADDR_HIST_1000258,"1000258",Address 1000258,"7",Province 7,"258",Ward 258,HOME,1,2026-05-13
ADDR_HIST_1000259,"1000259",Address 1000259,"8",Province 8,"259",Ward 259,WORK,1,2026-05-13
ADDR_HIST_100026,"100026",Address 100026,"45",Province 45,"26",Ward 26,HOME,1,2026-05-13
ADDR_HIST_1000260,"1000260",Address 1000260,"9",Province 9,"260",Ward 260,HOME,0,2026-05-13
ADDR_HIST_1000261,"1000261",Address 1000261,"10",Province 10,"261",Ward 261,WORK,1,2026-05-13
ADDR_HIST_1000262,"1000262",Address 1000262,"11",Province 11,"262",Ward 262,HOME,1,2026-05-13
ADDR_HIST_1000263,"1000263",Address 1000263,"12",Province 12,"263",Ward 263,WORK,1,2026-05-13
ADDR_HIST_1000264,"1000264",Address 1000264,"13",Province 13,"264",Ward 264,HOME,1,2026-05-13
ADDR_HIST_1000265,"1000265",Address 1000265,"14",Province 14,"265",Ward 265,WORK,0,2026-05-13
ADDR_HIST_1000266,"1000266",Address 1000266,"15",Province 15,"266",Ward 266,HOME,1,2026-05-13
ADDR_HIST_1000267,"1000267",Address 1000267,"16",Province 16,"267",Ward 267,WORK,1,2026-05-13
ADDR_HIST_1000268,"1000268",Address 1000268,"17",Province 17,"268",Ward 268,HOME,1,2026-05-13
ADDR_HIST_1000269,"1000269",Address 1000269,"18",Province 18,"269",Ward 269,WORK,1,2026-05-13
ADDR_HIST_100027,"100027",Address 100027,"46",Province 46,"27",Ward 27,WORK,1,2026-05-13
ADDR_HIST_1000270,"1000270",Address 1000270,"19",Province 19,"270",Ward 270,HOME,0,2026-05-13
ADDR_HIST_1000271,"1000271",Address 1000271,"20",Province 20,"271",Ward 271,WORK,1,2026-05-13
ADDR_HIST_1000272,"1000272",Address 1000272,"21",Province 21,"272",Ward 272,HOME,1,2026-05-13
ADDR_HIST_1000273,"1000273",Address 1000273,"22",Province 22,"273",Ward 273,WORK,1,2026-05-13
ADDR_HIST_1000274,"1000274",Address 1000274,"23",Province 23,"274",Ward 274,HOME,1,2026-05-13
ADDR_HIST_1000275,"1000275",Address 1000275,"24",Province 24,"275",Ward 275,WORK,0,2026-05-13
ADDR_HIST_1000276,"1000276",Address 1000276,"25",Province 25,"276",Ward 276,HOME,1,2026-05-13
ADDR_HIST_1000277,"1000277",Address 1000277,"26",Province 26,"277",Ward 277,WORK,1,2026-05-13
ADDR_HIST_1000278,"1000278",Address 1000278,"27",Province 27,"278",Ward 278,HOME,1,2026-05-13
ADDR_HIST_1000279,"1000279",Address 1000279,"28",Province 28,"279",Ward 279,WORK,1,2026-05-13
ADDR_HIST_100028,"100028",Address 100028,"47",Province 47,"28",Ward 28,HOME,1,2026-05-13
ADDR_HIST_1000280,"1000280",Address 1000280,"29",Province 29,"280",Ward 280,HOME,0,2026-05-13
ADDR_HIST_1000281,"1000281",Address 1000281,"30",Province 30,"281",Ward 281,WORK,1,2026-05-13
ADDR_HIST_1000282,"1000282",Address 1000282,"31",Province 31,"282",Ward 282,HOME,1,2026-05-13
ADDR_HIST_1000283,"1000283",Address 1000283,"32",Province 32,"283",Ward 283,WORK,1,2026-05-13
ADDR_HIST_1000284,"1000284",Address 1000284,"33",Province 33,"284",Ward 284,HOME,1,2026-05-13
ADDR_HIST_1000285,"1000285",Address 1000285,"34",Province 34,"285",Ward 285,WORK,0,2026-05-13
ADDR_HIST_1000286,"1000286",Address 1000286,"35",Province 35,"286",Ward 286,HOME,1,2026-05-13
ADDR_HIST_1000287,"1000287",Address 1000287,"36",Province 36,"287",Ward 287,WORK,1,2026-05-13
ADDR_HIST_1000288,"1000288",Address 1000288,"37",Province 37,"288",Ward 288,HOME,1,2026-05-13
ADDR_HIST_1000289,"1000289",Address 1000289,"38",Province 38,"289",Ward 289,WORK,1,2026-05-13
ADDR_HIST_100029,"100029",Address 100029,"48",Province 48,"29",Ward 29,WORK,1,2026-05-13
ADDR_HIST_1000290,"1000290",Address 1000290,"39",Province 39,"290",Ward 290,HOME,0,2026-05-13
ADDR_HIST_1000291,"1000291",Address 1000291,"40",Province 40,"291",Ward 291,WORK,1,2026-05-13
ADDR_HIST_1000292,"1000292",Address 1000292,"41",Province 41,"292",Ward 292,HOME,1,2026-05-13
ADDR_HIST_1000293,"1000293",Address 1000293,"42",Province 42,"293",Ward 293,WORK,1,2026-05-13
ADDR_HIST_1000294,"1000294",Address 1000294,"43",Province 43,"294",Ward 294,HOME,1,2026-05-13
ADDR_HIST_1000295,"1000295",Address 1000295,"44",Province 44,"295",Ward 295,WORK,0,2026-05-13
ADDR_HIST_1000296,"1000296",Address 1000296,"45",Province 45,"296",Ward 296,HOME,1,2026-05-13
ADDR_HIST_1000297,"1000297",Address 1000297,"46",Province 46,"297",Ward 297,WORK,1,2026-05-13
ADDR_HIST_1000298,"1000298",Address 1000298,"47",Province 47,"298",Ward 298,HOME,1,2026-05-13
ADDR_HIST_1000299,"1000299",Address 1000299,"48",Province 48,"299",Ward 299,WORK,1,2026-05-13
ADDR_HIST_10003,"10003",Address 10003,"49",Province 49,"3",Ward 3,WORK,1,2026-05-13
ADDR_HIST_100030,"100030",Address 100030,"49",Province 49,"30",Ward 30,HOME,0,2026-05-13
ADDR_HIST_1000300,"1000300",Address 1000300,"49",Province 49,"300",Ward 300,HOME,0,2026-05-13
ADDR_HIST_1000301,"1000301",Address 1000301,"50",Province 50,"301",Ward 301,WORK,1,2026-05-13
ADDR_HIST_1000302,"1000302",Address 1000302,"51",Province 51,"302",Ward 302,HOME,1,2026-05-13
ADDR_HIST_1000303,"1000303",Address 1000303,"52",Province 52,"303",Ward 303,WORK,1,2026-05-13
ADDR_HIST_1000304,"1000304",Address 1000304,"53",Province 53,"304",Ward 304,HOME,1,2026-05-13
ADDR_HIST_1000305,"1000305",Address 1000305,"54",Province 54,"305",Ward 305,WORK,0,2026-05-13
ADDR_HIST_1000306,"1000306",Address 1000306,"55",Province 55,"306",Ward 306,HOME,1,2026-05-13
ADDR_HIST_1000307,"1000307",Address 1000307,"56",Province 56,"307",Ward 307,WORK,1,2026-05-13
ADDR_HIST_1000308,"1000308",Address 1000308,"57",Province 57,"308",Ward 308,HOME,1,2026-05-13
ADDR_HIST_1000309,"1000309",Address 1000309,"58",Province 58,"309",Ward 309,WORK,1,2026-05-13
ADDR_HIST_100031,"100031",Address 100031,"50",Province 50,"31",Ward 31,WORK,1,2026-05-13
ADDR_HIST_1000310,"1000310",Address 1000310,"59",Province 59,"310",Ward 310,HOME,0,2026-05-13
ADDR_HIST_1000311,"1000311",Address 1000311,"60",Province 60,"311",Ward 311,WORK,1,2026-05-13
ADDR_HIST_1000312,"1000312",Address 1000312,"61",Province 61,"312",Ward 312,HOME,1,2026-05-13
ADDR_HIST_1000313,"1000313",Address 1000313,"62",Province 62,"313",Ward 313,WORK,1,2026-05-13
ADDR_HIST_1000314,"1000314",Address 1000314,"0",Province 0,"314",Ward 314,HOME,1,2026-05-13
ADDR_HIST_1000315,"1000315",Address 1000315,"1",Province 1,"315",Ward 315,WORK,0,2026-05-13
ADDR_HIST_1000316,"1000316",Address 1000316,"2",Province 2,"316",Ward 316,HOME,1,2026-05-13
ADDR_HIST_1000317,"1000317",Address 1000317,"3",Province 3,"317",Ward 317,WORK,1,2026-05-13
ADDR_HIST_1000318,"1000318",Address 1000318,"4",Province 4,"318",Ward 318,HOME,1,2026-05-13
ADDR_HIST_1000319,"1000319",Address 1000319,"5",Province 5,"319",Ward 319,WORK,1,2026-05-13
ADDR_HIST_100032,"100032",Address 100032,"51",Province 51,"32",Ward 32,HOME,1,2026-05-13
ADDR_HIST_1000320,"1000320",Address 1000320,"6",Province 6,"320",Ward 320,HOME,0,2026-05-13
ADDR_HIST_1000321,"1000321",Address 1000321,"7",Province 7,"321",Ward 321,WORK,1,2026-05-13
ADDR_HIST_1000322,"1000322",Address 1000322,"8",Province 8,"322",Ward 322,HOME,1,2026-05-13
ADDR_HIST_1000323,"1000323",Address 1000323,"9",Province 9,"323",Ward 323,WORK,1,2026-05-13
ADDR_HIST_1000324,"1000324",Address 1000324,"10",Province 10,"324",Ward 324,HOME,1,2026-05-13
ADDR_HIST_1000325,"1000325",Address 1000325,"11",Province 11,"325",Ward 325,WORK,0,2026-05-13
ADDR_HIST_1000326,"1000326",Address 1000326,"12",Province 12,"326",Ward 326,HOME,1,2026-05-13
ADDR_HIST_1000327,"1000327",Address 1000327,"13",Province 13,"327",Ward 327,WORK,1,2026-05-13
ADDR_HIST_1000328,"1000328",Address 1000328,"14",Province 14,"328",Ward 328,HOME,1,2026-05-13
ADDR_HIST_1000329,"1000329",Address 1000329,"15",Province 15,"329",Ward 329,WORK,1,2026-05-13
ADDR_HIST_100033,"100033",Address 100033,"52",Province 52,"33",Ward 33,WORK,1,2026-05-13
ADDR_HIST_1000330,"1000330",Address 1000330,"16",Province 16,"330",Ward 330,HOME,0,2026-05-13
ADDR_HIST_1000331,"1000331",Address 1000331,"17",Province 17,"331",Ward 331,WORK,1,2026-05-13
ADDR_HIST_1000332,"1000332",Address 1000332,"18",Province 18,"332",Ward 332,HOME,1,2026-05-13
ADDR_HIST_1000333,"1000333",Address 1000333,"19",Province 19,"333",Ward 333,WORK,1,2026-05-13
ADDR_HIST_1000334,"1000334",Address 1000334,"20",Province 20,"334",Ward 334,HOME,1,2026-05-13
ADDR_HIST_1000335,"1000335",Address 1000335,"21",Province 21,"335",Ward 335,WORK,0,2026-05-13
ADDR_HIST_1000336,"1000336",Address 1000336,"22",Province 22,"336",Ward 336,HOME,1,2026-05-13
ADDR_HIST_1000337,"1000337",Address 1000337,"23",Province 23,"337",Ward 337,WORK,1,2026-05-13
ADDR_HIST_1000338,"1000338",Address 1000338,"24",Province 24,"338",Ward 338,HOME,1,2026-05-13
ADDR_HIST_1000339,"1000339",Address 1000339,"25",Province 25,"339",Ward 339,WORK,1,2026-05-13
ADDR_HIST_100034,"100034",Address 100034,"53",Province 53,"34",Ward 34,HOME,1,2026-05-13
ADDR_HIST_1000340,"1000340",Address 1000340,"26",Province 26,"340",Ward 340,HOME,0,2026-05-13
ADDR_HIST_1000341,"1000341",Address 1000341,"27",Province 27,"341",Ward 341,WORK,1,2026-05-13
ADDR_HIST_1000342,"1000342",Address 1000342,"28",Province 28,"342",Ward 342,HOME,1,2026-05-13
ADDR_HIST_1000343,"1000343",Address 1000343,"29",Province 29,"343",Ward 343,WORK,1,2026-05-13
ADDR_HIST_1000344,"1000344",Address 1000344,"30",Province 30,"344",Ward 344,HOME,1,2026-05-13
ADDR_HIST_1000345,"1000345",Address 1000345,"31",Province 31,"345",Ward 345,WORK,0,2026-05-13
ADDR_HIST_1000346,"1000346",Address 1000346,"32",Province 32,"346",Ward 346,HOME,1,2026-05-13
ADDR_HIST_1000347,"1000347",Address 1000347,"33",Province 33,"347",Ward 347,WORK,1,2026-05-13
ADDR_HIST_1000348,"1000348",Address 1000348,"34",Province 34,"348",Ward 348,HOME,1,2026-05-13
ADDR_HIST_1000349,"1000349",Address 1000349,"35",Province 35,"349",Ward 349,WORK,1,2026-05-13
ADDR_HIST_100035,"100035",Address 100035,"54",Province 54,"35",Ward 35,WORK,0,2026-05-13
ADDR_HIST_1000350,"1000350",Address 1000350,"36",Province 36,"350",Ward 350,HOME,0,2026-05-13
ADDR_HIST_1000351,"1000351",Address 1000351,"37",Province 37,"351",Ward 351,WORK,1,2026-05-13
ADDR_HIST_1000352,"1000352",Address 1000352,"38",Province 38,"352",Ward 352,HOME,1,2026-05-13
ADDR_HIST_1000353,"1000353",Address 1000353,"39",Province 39,"353",Ward 353,WORK,1,2026-05-13
ADDR_HIST_1000354,"1000354",Address 1000354,"40",Province 40,"354",Ward 354,HOME,1,2026-05-13
ADDR_HIST_1000355,"1000355",Address 1000355,"41",Province 41,"355",Ward 355,WORK,0,2026-05-13
ADDR_HIST_1000356,"1000356",Address 1000356,"42",Province 42,"356",Ward 356,HOME,1,2026-05-13
ADDR_HIST_1000357,"1000357",Address 1000357,"43",Province 43,"357",Ward 357,WORK,1,2026-05-13
ADDR_HIST_1000358,"1000358",Address 1000358,"44",Province 44,"358",Ward 358,HOME,1,2026-05-13
ADDR_HIST_1000359,"1000359",Address 1000359,"45",Province 45,"359",Ward 359,WORK,1,2026-05-13
ADDR_HIST_100036,"100036",Address 100036,"55",Province 55,"36",Ward 36,HOME,1,2026-05-13
ADDR_HIST_1000360,"1000360",Address 1000360,"46",Province 46,"360",Ward 360,HOME,0,2026-05-13
ADDR_HIST_1000361,"1000361",Address 1000361,"47",Province 47,"361",Ward 361,WORK,1,2026-05-13
ADDR_HIST_1000362,"1000362",Address 1000362,"48",Province 48,"362",Ward 362,HOME,1,2026-05-13
ADDR_HIST_1000363,"1000363",Address 1000363,"49",Province 49,"363",Ward 363,WORK,1,2026-05-13
ADDR_HIST_1000364,"1000364",Address 1000364,"50",Province 50,"364",Ward 364,HOME,1,2026-05-13
ADDR_HIST_1000365,"1000365",Address 1000365,"51",Province 51,"365",Ward 365,WORK,0,2026-05-13
ADDR_HIST_1000366,"1000366",Address 1000366,"52",Province 52,"366",Ward 366,HOME,1,2026-05-13
ADDR_HIST_1000367,"1000367",Address 1000367,"53",Province 53,"367",Ward 367,WORK,1,2026-05-13
ADDR_HIST_1000368,"1000368",Address 1000368,"54",Province 54,"368",Ward 368,HOME,1,2026-05-13
ADDR_HIST_1000369,"1000369",Address 1000369,"55",Province 55,"369",Ward 369,WORK,1,2026-05-13
ADDR_HIST_100037,"100037",Address 100037,"56",Province 56,"37",Ward 37,WORK,1,2026-05-13
ADDR_HIST_1000370,"1000370",Address 1000370,"56",Province 56,"370",Ward 370,HOME,0,2026-05-13
ADDR_HIST_1000371,"1000371",Address 1000371,"57",Province 57,"371",Ward 371,WORK,1,2026-05-13
ADDR_HIST_1000372,"1000372",Address 1000372,"58",Province 58,"372",Ward 372,HOME,1,2026-05-13
ADDR_HIST_1000373,"1000373",Address 1000373,"59",Province 59,"373",Ward 373,WORK,1,2026-05-13
ADDR_HIST_1000374,"1000374",Address 1000374,"60",Province 60,"374",Ward 374,HOME,1,2026-05-13
ADDR_HIST_1000375,"1000375",Address 1000375,"61",Province 61,"375",Ward 375,WORK,0,2026-05-13
ADDR_HIST_1000376,"1000376",Address 1000376,"62",Province 62,"376",Ward 376,HOME,1,2026-05-13
ADDR_HIST_1000377,"1000377",Address 1000377,"0",Province 0,"377",Ward 377,WORK,1,2026-05-13
ADDR_HIST_1000378,"1000378",Address 1000378,"1",Province 1,"378",Ward 378,HOME,1,2026-05-13
ADDR_HIST_1000379,"1000379",Address 1000379,"2",Province 2,"379",Ward 379,WORK,1,2026-05-13
ADDR_HIST_100038,"100038",Address 100038,"57",Province 57,"38",Ward 38,HOME,1,2026-05-13
ADDR_HIST_1000380,"1000380",Address 1000380,"3",Province 3,"380",Ward 380,HOME,0,2026-05-13
ADDR_HIST_1000381,"1000381",Address 1000381,"4",Province 4,"381",Ward 381,WORK,1,2026-05-13
ADDR_HIST_1000382,"1000382",Address 1000382,"5",Province 5,"382",Ward 382,HOME,1,2026-05-13
ADDR_HIST_1000383,"1000383",Address 1000383,"6",Province 6,"383",Ward 383,WORK,1,2026-05-13
ADDR_HIST_1000384,"1000384",Address 1000384,"7",Province 7,"384",Ward 384,HOME,1,2026-05-13
ADDR_HIST_1000385,"1000385",Address 1000385,"8",Province 8,"385",Ward 385,WORK,0,2026-05-13
ADDR_HIST_1000386,"1000386",Address 1000386,"9",Province 9,"386",Ward 386,HOME,1,2026-05-13
ADDR_HIST_1000387,"1000387",Address 1000387,"10",Province 10,"387",Ward 387,WORK,1,2026-05-13
ADDR_HIST_1000388,"1000388",Address 1000388,"11",Province 11,"388",Ward 388,HOME,1,2026-05-13
ADDR_HIST_1000389,"1000389",Address 1000389,"12",Province 12,"389",Ward 389,WORK,1,2026-05-13
ADDR_HIST_100039,"100039",Address 100039,"58",Province 58,"39",Ward 39,WORK,1,2026-05-13
ADDR_HIST_1000390,"1000390",Address 1000390,"13",Province 13,"390",Ward 390,HOME,0,2026-05-13
ADDR_HIST_1000391,"1000391",Address 1000391,"14",Province 14,"391",Ward 391,WORK,1,2026-05-13
ADDR_HIST_1000392,"1000392",Address 1000392,"15",Province 15,"392",Ward 392,HOME,1,2026-05-13
ADDR_HIST_1000393,"1000393",Address 1000393,"16",Province 16,"393",Ward 393,WORK,1,2026-05-13
ADDR_HIST_1000394,"1000394",Address 1000394,"17",Province 17,"394",Ward 394,HOME,1,2026-05-13
ADDR_HIST_1000395,"1000395",Address 1000395,"18",Province 18,"395",Ward 395,WORK,0,2026-05-13
ADDR_HIST_1000396,"1000396",Address 1000396,"19",Province 19,"396",Ward 396,HOME,1,2026-05-13
ADDR_HIST_1000397,"1000397",Address 1000397,"20",Province 20,"397",Ward 397,WORK,1,2026-05-13
ADDR_HIST_1000398,"1000398",Address 1000398,"21",Province 21,"398",Ward 398,HOME,1,2026-05-13
ADDR_HIST_1000399,"1000399",Address 1000399,"22",Province 22,"399",Ward 399,WORK,1,2026-05-13
ADDR_HIST_10004,"10004",Address 10004,"50",Province 50,"4",Ward 4,HOME,1,2026-05-13
ADDR_HIST_100040,"100040",Address 100040,"59",Province 59,"40",Ward 40,HOME,0,2026-05-13
ADDR_HIST_1000400,"1000400",Address 1000400,"23",Province 23,"400",Ward 400,HOME,0,2026-05-13
ADDR_HIST_1000401,"1000401",Address 1000401,"24",Province 24,"401",Ward 401,WORK,1,2026-05-13
ADDR_HIST_1000402,"1000402",Address 1000402,"25",Province 25,"402",Ward 402,HOME,1,2026-05-13
ADDR_HIST_1000403,"1000403",Address 1000403,"26",Province 26,"403",Ward 403,WORK,1,2026-05-13
ADDR_HIST_1000404,"1000404",Address 1000404,"27",Province 27,"404",Ward 404,HOME,1,2026-05-13
ADDR_HIST_1000405,"1000405",Address 1000405,"28",Province 28,"405",Ward 405,WORK,0,2026-05-13
ADDR_HIST_1000406,"1000406",Address 1000406,"29",Province 29,"406",Ward 406,HOME,1,2026-05-13
ADDR_HIST_1000407,"1000407",Address 1000407,"30",Province 30,"407",Ward 407,WORK,1,2026-05-13
ADDR_HIST_1000408,"1000408",Address 1000408,"31",Province 31,"408",Ward 408,HOME,1,2026-05-13
ADDR_HIST_1000409,"1000409",Address 1000409,"32",Province 32,"409",Ward 409,WORK,1,2026-05-13
ADDR_HIST_100041,"100041",Address 100041,"60",Province 60,"41",Ward 41,WORK,1,2026-05-13
ADDR_HIST_1000410,"1000410",Address 1000410,"33",Province 33,"410",Ward 410,HOME,0,2026-05-13
ADDR_HIST_1000411,"1000411",Address 1000411,"34",Province 34,"411",Ward 411,WORK,1,2026-05-13
ADDR_HIST_1000412,"1000412",Address 1000412,"35",Province 35,"412",Ward 412,HOME,1,2026-05-13
ADDR_HIST_1000413,"1000413",Address 1000413,"36",Province 36,"413",Ward 413,WORK,1,2026-05-13
ADDR_HIST_1000414,"1000414",Address 1000414,"37",Province 37,"414",Ward 414,HOME,1,2026-05-13
ADDR_HIST_1000415,"1000415",Address 1000415,"38",Province 38,"415",Ward 415,WORK,0,2026-05-13
ADDR_HIST_1000416,"1000416",Address 1000416,"39",Province 39,"416",Ward 416,HOME,1,2026-05-13
ADDR_HIST_1000417,"1000417",Address 1000417,"40",Province 40,"417",Ward 417,WORK,1,2026-05-13
ADDR_HIST_1000418,"1000418",Address 1000418,"41",Province 41,"418",Ward 418,HOME,1,2026-05-13
ADDR_HIST_1000419,"1000419",Address 1000419,"42",Province 42,"419",Ward 419,WORK,1,2026-05-13
ADDR_HIST_100042,"100042",Address 100042,"61",Province 61,"42",Ward 42,HOME,1,2026-05-13
ADDR_HIST_1000420,"1000420",Address 1000420,"43",Province 43,"420",Ward 420,HOME,0,2026-05-13
ADDR_HIST_1000421,"1000421",Address 1000421,"44",Province 44,"421",Ward 421,WORK,1,2026-05-13
ADDR_HIST_1000422,"1000422",Address 1000422,"45",Province 45,"422",Ward 422,HOME,1,2026-05-13
ADDR_HIST_1000423,"1000423",Address 1000423,"46",Province 46,"423",Ward 423,WORK,1,2026-05-13
ADDR_HIST_1000424,"1000424",Address 1000424,"47",Province 47,"424",Ward 424,HOME,1,2026-05-13
ADDR_HIST_1000425,"1000425",Address 1000425,"48",Province 48,"425",Ward 425,WORK,0,2026-05-13
ADDR_HIST_1000426,"1000426",Address 1000426,"49",Province 49,"426",Ward 426,HOME,1,2026-05-13
ADDR_HIST_1000427,"1000427",Address 1000427,"50",Province 50,"427",Ward 427,WORK,1,2026-05-13
ADDR_HIST_1000428,"1000428",Address 1000428,"51",Province 51,"428",Ward 428,HOME,1,2026-05-13
ADDR_HIST_1000429,"1000429",Address 1000429,"52",Province 52,"429",Ward 429,WORK,1,2026-05-13
ADDR_HIST_100043,"100043",Address 100043,"62",Province 62,"43",Ward 43,WORK,1,2026-05-13
ADDR_HIST_1000430,"1000430",Address 1000430,"53",Province 53,"430",Ward 430,HOME,0,2026-05-13
ADDR_HIST_1000431,"1000431",Address 1000431,"54",Province 54,"431",Ward 431,WORK,1,2026-05-13
ADDR_HIST_1000432,"1000432",Address 1000432,"55",Province 55,"432",Ward 432,HOME,1,2026-05-13
ADDR_HIST_1000433,"1000433",Address 1000433,"56",Province 56,"433",Ward 433,WORK,1,2026-05-13
ADDR_HIST_1000434,"1000434",Address 1000434,"57",Province 57,"434",Ward 434,HOME,1,2026-05-13
ADDR_HIST_1000435,"1000435",Address 1000435,"58",Province 58,"435",Ward 435,WORK,0,2026-05-13
ADDR_HIST_1000436,"1000436",Address 1000436,"59",Province 59,"436",Ward 436,HOME,1,2026-05-13
ADDR_HIST_1000437,"1000437",Address 1000437,"60",Province 60,"437",Ward 437,WORK,1,2026-05-13
ADDR_HIST_1000438,"1000438",Address 1000438,"61",Province 61,"438",Ward 438,HOME,1,2026-05-13
ADDR_HIST_1000439,"1000439",Address 1000439,"62",Province 62,"439",Ward 439,WORK,1,2026-05-13
ADDR_HIST_100044,"100044",Address 100044,"0",Province 0,"44",Ward 44,HOME,1,2026-05-13
ADDR_HIST_1000440,"1000440",Address 1000440,"0",Province 0,"440",Ward 440,HOME,0,2026-05-13
ADDR_HIST_1000441,"1000441",Address 1000441,"1",Province 1,"441",Ward 441,WORK,1,2026-05-13
ADDR_HIST_1000442,"1000442",Address 1000442,"2",Province 2,"442",Ward 442,HOME,1,2026-05-13
ADDR_HIST_1000443,"1000443",Address 1000443,"3",Province 3,"443",Ward 443,WORK,1,2026-05-13
ADDR_HIST_1000444,"1000444",Address 1000444,"4",Province 4,"444",Ward 444,HOME,1,2026-05-13
ADDR_HIST_1000445,"1000445",Address 1000445,"5",Province 5,"445",Ward 445,WORK,0,2026-05-13
ADDR_HIST_1000446,"1000446",Address 1000446,"6",Province 6,"446",Ward 446,HOME,1,2026-05-13
ADDR_HIST_1000447,"1000447",Address 1000447,"7",Province 7,"447",Ward 447,WORK,1,2026-05-13
ADDR_HIST_1000448,"1000448",Address 1000448,"8",Province 8,"448",Ward 448,HOME,1,2026-05-13
ADDR_HIST_1000449,"1000449",Address 1000449,"9",Province 9,"449",Ward 449,WORK,1,2026-05-13
ADDR_HIST_100045,"100045",Address 100045,"1",Province 1,"45",Ward 45,WORK,0,2026-05-13
ADDR_HIST_1000450,"1000450",Address 1000450,"10",Province 10,"450",Ward 450,HOME,0,2026-05-13
ADDR_HIST_1000451,"1000451",Address 1000451,"11",Province 11,"451",Ward 451,WORK,1,2026-05-13
ADDR_HIST_1000452,"1000452",Address 1000452,"12",Province 12,"452",Ward 452,HOME,1,2026-05-13
ADDR_HIST_1000453,"1000453",Address 1000453,"13",Province 13,"453",Ward 453,WORK,1,2026-05-13
ADDR_HIST_1000454,"1000454",Address 1000454,"14",Province 14,"454",Ward 454,HOME,1,2026-05-13
ADDR_HIST_1000455,"1000455",Address 1000455,"15",Province 15,"455",Ward 455,WORK,0,2026-05-13
ADDR_HIST_1000456,"1000456",Address 1000456,"16",Province 16,"456",Ward 456,HOME,1,2026-05-13
ADDR_HIST_1000457,"1000457",Address 1000457,"17",Province 17,"457",Ward 457,WORK,1,2026-05-13
ADDR_HIST_1000458,"1000458",Address 1000458,"18",Province 18,"458",Ward 458,HOME,1,2026-05-13
ADDR_HIST_1000459,"1000459",Address 1000459,"19",Province 19,"459",Ward 459,WORK,1,2026-05-13
ADDR_HIST_100046,"100046",Address 100046,"2",Province 2,"46",Ward 46,HOME,1,2026-05-13
ADDR_HIST_1000460,"1000460",Address 1000460,"20",Province 20,"460",Ward 460,HOME,0,2026-05-13
ADDR_HIST_1000461,"1000461",Address 1000461,"21",Province 21,"461",Ward 461,WORK,1,2026-05-13
ADDR_HIST_1000462,"1000462",Address 1000462,"22",Province 22,"462",Ward 462,HOME,1,2026-05-13
ADDR_HIST_1000463,"1000463",Address 1000463,"23",Province 23,"463",Ward 463,WORK,1,2026-05-13
ADDR_HIST_1000464,"1000464",Address 1000464,"24",Province 24,"464",Ward 464,HOME,1,2026-05-13
ADDR_HIST_1000465,"1000465",Address 1000465,"25",Province 25,"465",Ward 465,WORK,0,2026-05-13
ADDR_HIST_1000466,"1000466",Address 1000466,"26",Province 26,"466",Ward 466,HOME,1,2026-05-13
ADDR_HIST_1000467,"1000467",Address 1000467,"27",Province 27,"467",Ward 467,WORK,1,2026-05-13
ADDR_HIST_1000468,"1000468",Address 1000468,"28",Province 28,"468",Ward 468,HOME,1,2026-05-13
ADDR_HIST_1000469,"1000469",Address 1000469,"29",Province 29,"469",Ward 469,WORK,1,2026-05-13
ADDR_HIST_100047,"100047",Address 100047,"3",Province 3,"47",Ward 47,WORK,1,2026-05-13
ADDR_HIST_1000470,"1000470",Address 1000470,"30",Province 30,"470",Ward 470,HOME,0,2026-05-13
ADDR_HIST_1000471,"1000471",Address 1000471,"31",Province 31,"471",Ward 471,WORK,1,2026-05-13
ADDR_HIST_1000472,"1000472",Address 1000472,"32",Province 32,"472",Ward 472,HOME,1,2026-05-13
ADDR_HIST_1000473,"1000473",Address 1000473,"33",Province 33,"473",Ward 473,WORK,1,2026-05-13
ADDR_HIST_1000474,"1000474",Address 1000474,"34",Province 34,"474",Ward 474,HOME,1,2026-05-13
ADDR_HIST_1000475,"1000475",Address 1000475,"35",Province 35,"475",Ward 475,WORK,0,2026-05-13
ADDR_HIST_1000476,"1000476",Address 1000476,"36",Province 36,"476",Ward 476,HOME,1,2026-05-13
ADDR_HIST_1000477,"1000477",Address 1000477,"37",Province 37,"477",Ward 477,WORK,1,2026-05-13
ADDR_HIST_1000478,"1000478",Address 1000478,"38",Province 38,"478",Ward 478,HOME,1,2026-05-13
ADDR_HIST_1000479,"1000479",Address 1000479,"39",Province 39,"479",Ward 479,WORK,1,2026-05-13
ADDR_HIST_100048,"100048",Address 100048,"4",Province 4,"48",Ward 48,HOME,1,2026-05-13
ADDR_HIST_1000480,"1000480",Address 1000480,"40",Province 40,"480",Ward 480,HOME,0,2026-05-13
ADDR_HIST_1000481,"1000481",Address 1000481,"41",Province 41,"481",Ward 481,WORK,1,2026-05-13
ADDR_HIST_1000482,"1000482",Address 1000482,"42",Province 42,"482",Ward 482,HOME,1,2026-05-13
ADDR_HIST_1000483,"1000483",Address 1000483,"43",Province 43,"483",Ward 483,WORK,1,2026-05-13
ADDR_HIST_1000484,"1000484",Address 1000484,"44",Province 44,"484",Ward 484,HOME,1,2026-05-13
ADDR_HIST_1000485,"1000485",Address 1000485,"45",Province 45,"485",Ward 485,WORK,0,2026-05-13
ADDR_HIST_1000486,"1000486",Address 1000486,"46",Province 46,"486",Ward 486,HOME,1,2026-05-13
ADDR_HIST_1000487,"1000487",Address 1000487,"47",Province 47,"487",Ward 487,WORK,1,2026-05-13
ADDR_HIST_1000488,"1000488",Address 1000488,"48",Province 48,"488",Ward 488,HOME,1,2026-05-13
ADDR_HIST_1000489,"1000489",Address 1000489,"49",Province 49,"489",Ward 489,WORK,1,2026-05-13
ADDR_HIST_100049,"100049",Address 100049,"5",Province 5,"49",Ward 49,WORK,1,2026-05-13
ADDR_HIST_1000490,"1000490",Address 1000490,"50",Province 50,"490",Ward 490,HOME,0,2026-05-13
ADDR_HIST_1000491,"1000491",Address 1000491,"51",Province 51,"491",Ward 491,WORK,1,2026-05-13
ADDR_HIST_1000492,"1000492",Address 1000492,"52",Province 52,"492",Ward 492,HOME,1,2026-05-13
ADDR_HIST_1000493,"1000493",Address 1000493,"53",Province 53,"493",Ward 493,WORK,1,2026-05-13
ADDR_HIST_1000494,"1000494",Address 1000494,"54",Province 54,"494",Ward 494,HOME,1,2026-05-13
ADDR_HIST_1000495,"1000495",Address 1000495,"55",Province 55,"495",Ward 495,WORK,0,2026-05-13
ADDR_HIST_1000496,"1000496",Address 1000496,"56",Province 56,"496",Ward 496,HOME,1,2026-05-13
ADDR_HIST_1000497,"1000497",Address 1000497,"57",Province 57,"497",Ward 497,WORK,1,2026-05-13
ADDR_HIST_1000498,"1000498",Address 1000498,"58",Province 58,"498",Ward 498,HOME,1,2026-05-13
ADDR_HIST_1000499,"1000499",Address 1000499,"59",Province 59,"499",Ward 499,WORK,1,2026-05-13
ADDR_HIST_10005,"10005",Address 10005,"51",Province 51,"5",Ward 5,WORK,0,2026-05-13
ADDR_HIST_100050,"100050",Address 100050,"6",Province 6,"50",Ward 50,HOME,0,2026-05-13
ADDR_HIST_1000500,"1000500",Address 1000500,"60",Province 60,"500",Ward 500,HOME,0,2026-05-13
ADDR_HIST_1000501,"1000501",Address 1000501,"61",Province 61,"501",Ward 501,WORK,1,2026-05-13
ADDR_HIST_1000502,"1000502",Address 1000502,"62",Province 62,"502",Ward 502,HOME,1,2026-05-13
ADDR_HIST_1000503,"1000503",Address 1000503,"0",Province 0,"503",Ward 503,WORK,1,2026-05-13
ADDR_HIST_1000504,"1000504",Address 1000504,"1",Province 1,"504",Ward 504,HOME,1,2026-05-13
ADDR_HIST_1000505,"1000505",Address 1000505,"2",Province 2,"505",Ward 505,WORK,0,2026-05-13
ADDR_HIST_1000506,"1000506",Address 1000506,"3",Province 3,"506",Ward 506,HOME,1,2026-05-13
ADDR_HIST_1000507,"1000507",Address 1000507,"4",Province 4,"507",Ward 507,WORK,1,2026-05-13
ADDR_HIST_1000508,"1000508",Address 1000508,"5",Province 5,"508",Ward 508,HOME,1,2026-05-13
ADDR_HIST_1000509,"1000509",Address 1000509,"6",Province 6,"509",Ward 509,WORK,1,2026-05-13
ADDR_HIST_100051,"100051",Address 100051,"7",Province 7,"51",Ward 51,WORK,1,2026-05-13
ADDR_HIST_1000510,"1000510",Address 1000510,"7",Province 7,"510",Ward 510,HOME,0,2026-05-13
ADDR_HIST_1000511,"1000511",Address 1000511,"8",Province 8,"511",Ward 511,WORK,1,2026-05-13
ADDR_HIST_1000512,"1000512",Address 1000512,"9",Province 9,"512",Ward 512,HOME,1,2026-05-13
ADDR_HIST_1000513,"1000513",Address 1000513,"10",Province 10,"513",Ward 513,WORK,1,2026-05-13
ADDR_HIST_1000514,"1000514",Address 1000514,"11",Province 11,"514",Ward 514,HOME,1,2026-05-13
ADDR_HIST_1000515,"1000515",Address 1000515,"12",Province 12,"515",Ward 515,WORK,0,2026-05-13
ADDR_HIST_1000516,"1000516",Address 1000516,"13",Province 13,"516",Ward 516,HOME,1,2026-05-13
ADDR_HIST_1000517,"1000517",Address 1000517,"14",Province 14,"517",Ward 517,WORK,1,2026-05-13
ADDR_HIST_1000518,"1000518",Address 1000518,"15",Province 15,"518",Ward 518,HOME,1,2026-05-13
ADDR_HIST_1000519,"1000519",Address 1000519,"16",Province 16,"519",Ward 519,WORK,1,2026-05-13
ADDR_HIST_100052,"100052",Address 100052,"8",Province 8,"52",Ward 52,HOME,1,2026-05-13
ADDR_HIST_1000520,"1000520",Address 1000520,"17",Province 17,"520",Ward 520,HOME,0,2026-05-13
ADDR_HIST_1000521,"1000521",Address 1000521,"18",Province 18,"521",Ward 521,WORK,1,2026-05-13
ADDR_HIST_1000522,"1000522",Address 1000522,"19",Province 19,"522",Ward 522,HOME,1,2026-05-13
ADDR_HIST_1000523,"1000523",Address 1000523,"20",Province 20,"523",Ward 523,WORK,1,2026-05-13
ADDR_HIST_1000524,"1000524",Address 1000524,"21",Province 21,"524",Ward 524,HOME,1,2026-05-13
ADDR_HIST_1000525,"1000525",Address 1000525,"22",Province 22,"525",Ward 525,WORK,0,2026-05-13
ADDR_HIST_1000526,"1000526",Address 1000526,"23",Province 23,"526",Ward 526,HOME,1,2026-05-13
ADDR_HIST_1000527,"1000527",Address 1000527,"24",Province 24,"527",Ward 527,WORK,1,2026-05-13
ADDR_HIST_1000528,"1000528",Address 1000528,"25",Province 25,"528",Ward 528,HOME,1,2026-05-13
ADDR_HIST_1000529,"1000529",Address 1000529,"26",Province 26,"529",Ward 529,WORK,1,2026-05-13
ADDR_HIST_100053,"100053",Address 100053,"9",Province 9,"53",Ward 53,WORK,1,2026-05-13
ADDR_HIST_1000530,"1000530",Address 1000530,"27",Province 27,"530",Ward 530,HOME,0,2026-05-13
ADDR_HIST_1000531,"1000531",Address 1000531,"28",Province 28,"531",Ward 531,WORK,1,2026-05-13
ADDR_HIST_1000532,"1000532",Address 1000532,"29",Province 29,"532",Ward 532,HOME,1,2026-05-13
ADDR_HIST_1000533,"1000533",Address 1000533,"30",Province 30,"533",Ward 533,WORK,1,2026-05-13
ADDR_HIST_1000534,"1000534",Address 1000534,"31",Province 31,"534",Ward 534,HOME,1,2026-05-13
ADDR_HIST_1000535,"1000535",Address 1000535,"32",Province 32,"535",Ward 535,WORK,0,2026-05-13
ADDR_HIST_1000536,"1000536",Address 1000536,"33",Province 33,"536",Ward 536,HOME,1,2026-05-13
ADDR_HIST_1000537,"1000537",Address 1000537,"34",Province 34,"537",Ward 537,WORK,1,2026-05-13
ADDR_HIST_1000538,"1000538",Address 1000538,"35",Province 35,"538",Ward 538,HOME,1,2026-05-13
ADDR_HIST_1000539,"1000539",Address 1000539,"36",Province 36,"539",Ward 539,WORK,1,2026-05-13
ADDR_HIST_100054,"100054",Address 100054,"10",Province 10,"54",Ward 54,HOME,1,2026-05-13
ADDR_HIST_1000540,"1000540",Address 1000540,"37",Province 37,"540",Ward 540,HOME,0,2026-05-13
ADDR_HIST_1000541,"1000541",Address 1000541,"38",Province 38,"541",Ward 541,WORK,1,2026-05-13
ADDR_HIST_1000542,"1000542",Address 1000542,"39",Province 39,"542",Ward 542,HOME,1,2026-05-13
ADDR_HIST_1000543,"1000543",Address 1000543,"40",Province 40,"543",Ward 543,WORK,1,2026-05-13
ADDR_HIST_1000544,"1000544",Address 1000544,"41",Province 41,"544",Ward 544,HOME,1,2026-05-13
ADDR_HIST_1000545,"1000545",Address 1000545,"42",Province 42,"545",Ward 545,WORK,0,2026-05-13
ADDR_HIST_1000546,"1000546",Address 1000546,"43",Province 43,"546",Ward 546,HOME,1,2026-05-13
ADDR_HIST_1000547,"1000547",Address 1000547,"44",Province 44,"547",Ward 547,WORK,1,2026-05-13
ADDR_HIST_1000548,"1000548",Address 1000548,"45",Province 45,"548",Ward 548,HOME,1,2026-05-13
ADDR_HIST_1000549,"1000549",Address 1000549,"46",Province 46,"549",Ward 549,WORK,1,2026-05-13
ADDR_HIST_100055,"100055",Address 100055,"11",Province 11,"55",Ward 55,WORK,0,2026-05-13
ADDR_HIST_1000550,"1000550",Address 1000550,"47",Province 47,"550",Ward 550,HOME,0,2026-05-13
ADDR_HIST_1000551,"1000551",Address 1000551,"48",Province 48,"551",Ward 551,WORK,1,2026-05-13
ADDR_HIST_1000552,"1000552",Address 1000552,"49",Province 49,"552",Ward 552,HOME,1,2026-05-13
ADDR_HIST_1000553,"1000553",Address 1000553,"50",Province 50,"553",Ward 553,WORK,1,2026-05-13
ADDR_HIST_1000554,"1000554",Address 1000554,"51",Province 51,"554",Ward 554,HOME,1,2026-05-13
ADDR_HIST_1000555,"1000555",Address 1000555,"52",Province 52,"555",Ward 555,WORK,0,2026-05-13
ADDR_HIST_1000556,"1000556",Address 1000556,"53",Province 53,"556",Ward 556,HOME,1,2026-05-13
ADDR_HIST_1000557,"1000557",Address 1000557,"54",Province 54,"557",Ward 557,WORK,1,2026-05-13
ADDR_HIST_1000558,"1000558",Address 1000558,"55",Province 55,"558",Ward 558,HOME,1,2026-05-13
ADDR_HIST_1000559,"1000559",Address 1000559,"56",Province 56,"559",Ward 559,WORK,1,2026-05-13
ADDR_HIST_100056,"100056",Address 100056,"12",Province 12,"56",Ward 56,HOME,1,2026-05-13
ADDR_HIST_1000560,"1000560",Address 1000560,"57",Province 57,"560",Ward 560,HOME,0,2026-05-13
ADDR_HIST_1000561,"1000561",Address 1000561,"58",Province 58,"561",Ward 561,WORK,1,2026-05-13
ADDR_HIST_1000562,"1000562",Address 1000562,"59",Province 59,"562",Ward 562,HOME,1,2026-05-13
ADDR_HIST_1000563,"1000563",Address 1000563,"60",Province 60,"563",Ward 563,WORK,1,2026-05-13
ADDR_HIST_1000564,"1000564",Address 1000564,"61",Province 61,"564",Ward 564,HOME,1,2026-05-13
ADDR_HIST_1000565,"1000565",Address 1000565,"62",Province 62,"565",Ward 565,WORK,0,2026-05-13
ADDR_HIST_1000566,"1000566",Address 1000566,"0",Province 0,"566",Ward 566,HOME,1,2026-05-13
ADDR_HIST_1000567,"1000567",Address 1000567,"1",Province 1,"567",Ward 567,WORK,1,2026-05-13
ADDR_HIST_1000568,"1000568",Address 1000568,"2",Province 2,"568",Ward 568,HOME,1,2026-05-13
ADDR_HIST_1000569,"1000569",Address 1000569,"3",Province 3,"569",Ward 569,WORK,1,2026-05-13
ADDR_HIST_100057,"100057",Address 100057,"13",Province 13,"57",Ward 57,WORK,1,2026-05-13
ADDR_HIST_1000570,"1000570",Address 1000570,"4",Province 4,"570",Ward 570,HOME,0,2026-05-13
ADDR_HIST_1000571,"1000571",Address 1000571,"5",Province 5,"571",Ward 571,WORK,1,2026-05-13
ADDR_HIST_1000572,"1000572",Address 1000572,"6",Province 6,"572",Ward 572,HOME,1,2026-05-13
ADDR_HIST_1000573,"1000573",Address 1000573,"7",Province 7,"573",Ward 573,WORK,1,2026-05-13
ADDR_HIST_1000574,"1000574",Address 1000574,"8",Province 8,"574",Ward 574,HOME,1,2026-05-13
ADDR_HIST_1000575,"1000575",Address 1000575,"9",Province 9,"575",Ward 575,WORK,0,2026-05-13
ADDR_HIST_1000576,"1000576",Address 1000576,"10",Province 10,"576",Ward 576,HOME,1,2026-05-13
ADDR_HIST_1000577,"1000577",Address 1000577,"11",Province 11,"577",Ward 577,WORK,1,2026-05-13
ADDR_HIST_1000578,"1000578",Address 1000578,"12",Province 12,"578",Ward 578,HOME,1,2026-05-13
ADDR_HIST_1000579,"1000579",Address 1000579,"13",Province 13,"579",Ward 579,WORK,1,2026-05-13
ADDR_HIST_100058,"100058",Address 100058,"14",Province 14,"58",Ward 58,HOME,1,2026-05-13
ADDR_HIST_1000580,"1000580",Address 1000580,"14",Province 14,"580",Ward 580,HOME,0,2026-05-13
ADDR_HIST_1000581,"1000581",Address 1000581,"15",Province 15,"581",Ward 581,WORK,1,2026-05-13
ADDR_HIST_1000582,"1000582",Address 1000582,"16",Province 16,"582",Ward 582,HOME,1,2026-05-13
ADDR_HIST_1000583,"1000583",Address 1000583,"17",Province 17,"583",Ward 583,WORK,1,2026-05-13
ADDR_HIST_1000584,"1000584",Address 1000584,"18",Province 18,"584",Ward 584,HOME,1,2026-05-13
ADDR_HIST_1000585,"1000585",Address 1000585,"19",Province 19,"585",Ward 585,WORK,0,2026-05-13
ADDR_HIST_1000586,"1000586",Address 1000586,"20",Province 20,"586",Ward 586,HOME,1,2026-05-13
ADDR_HIST_1000587,"1000587",Address 1000587,"21",Province 21,"587",Ward 587,WORK,1,2026-05-13
ADDR_HIST_1000588,"1000588",Address 1000588,"22",Province 22,"588",Ward 588,HOME,1,2026-05-13
ADDR_HIST_1000589,"1000589",Address 1000589,"23",Province 23,"589",Ward 589,WORK,1,2026-05-13
ADDR_HIST_100059,"100059",Address 100059,"15",Province 15,"59",Ward 59,WORK,1,2026-05-13
ADDR_HIST_1000590,"1000590",Address 1000590,"24",Province 24,"590",Ward 590,HOME,0,2026-05-13
ADDR_HIST_1000591,"1000591",Address 1000591,"25",Province 25,"591",Ward 591,WORK,1,2026-05-13
ADDR_HIST_1000592,"1000592",Address 1000592,"26",Province 26,"592",Ward 592,HOME,1,2026-05-13
ADDR_HIST_1000593,"1000593",Address 1000593,"27",Province 27,"593",Ward 593,WORK,1,2026-05-13
ADDR_HIST_1000594,"1000594",Address 1000594,"28",Province 28,"594",Ward 594,HOME,1,2026-05-13
ADDR_HIST_1000595,"1000595",Address 1000595,"29",Province 29,"595",Ward 595,WORK,0,2026-05-13
ADDR_HIST_1000596,"1000596",Address 1000596,"30",Province 30,"596",Ward 596,HOME,1,2026-05-13
ADDR_HIST_1000597,"1000597",Address 1000597,"31",Province 31,"597",Ward 597,WORK,1,2026-05-13
ADDR_HIST_1000598,"1000598",Address 1000598,"32",Province 32,"598",Ward 598,HOME,1,2026-05-13
ADDR_HIST_1000599,"1000599",Address 1000599,"33",Province 33,"599",Ward 599,WORK,1,2026-05-13
ADDR_HIST_10006,"10006",Address 10006,"52",Province 52,"6",Ward 6,HOME,1,2026-05-13
ADDR_HIST_100060,"100060",Address 100060,"16",Province 16,"60",Ward 60,HOME,0,2026-05-13
ADDR_HIST_1000600,"1000600",Address 1000600,"34",Province 34,"600",Ward 600,HOME,0,2026-05-13
ADDR_HIST_1000601,"1000601",Address 1000601,"35",Province 35,"601",Ward 601,WORK,1,2026-05-13
ADDR_HIST_1000602,"1000602",Address 1000602,"36",Province 36,"602",Ward 602,HOME,1,2026-05-13
ADDR_HIST_1000603,"1000603",Address 1000603,"37",Province 37,"603",Ward 603,WORK,1,2026-05-13
ADDR_HIST_1000604,"1000604",Address 1000604,"38",Province 38,"604",Ward 604,HOME,1,2026-05-13
ADDR_HIST_1000605,"1000605",Address 1000605,"39",Province 39,"605",Ward 605,WORK,0,2026-05-13
ADDR_HIST_1000606,"1000606",Address 1000606,"40",Province 40,"606",Ward 606,HOME,1,2026-05-13
ADDR_HIST_1000607,"1000607",Address 1000607,"41",Province 41,"607",Ward 607,WORK,1,2026-05-13
ADDR_HIST_1000608,"1000608",Address 1000608,"42",Province 42,"608",Ward 608,HOME,1,2026-05-13
ADDR_HIST_1000609,"1000609",Address 1000609,"43",Province 43,"609",Ward 609,WORK,1,2026-05-13
ADDR_HIST_100061,"100061",Address 100061,"17",Province 17,"61",Ward 61,WORK,1,2026-05-13
ADDR_HIST_1000610,"1000610",Address 1000610,"44",Province 44,"610",Ward 610,HOME,0,2026-05-13
ADDR_HIST_1000611,"1000611",Address 1000611,"45",Province 45,"611",Ward 611,WORK,1,2026-05-13
ADDR_HIST_1000612,"1000612",Address 1000612,"46",Province 46,"612",Ward 612,HOME,1,2026-05-13
ADDR_HIST_1000613,"1000613",Address 1000613,"47",Province 47,"613",Ward 613,WORK,1,2026-05-13
ADDR_HIST_1000614,"1000614",Address 1000614,"48",Province 48,"614",Ward 614,HOME,1,2026-05-13
ADDR_HIST_1000615,"1000615",Address 1000615,"49",Province 49,"615",Ward 615,WORK,0,2026-05-13
ADDR_HIST_1000616,"1000616",Address 1000616,"50",Province 50,"616",Ward 616,HOME,1,2026-05-13
ADDR_HIST_1000617,"1000617",Address 1000617,"51",Province 51,"617",Ward 617,WORK,1,2026-05-13
ADDR_HIST_1000618,"1000618",Address 1000618,"52",Province 52,"618",Ward 618,HOME,1,2026-05-13
ADDR_HIST_1000619,"1000619",Address 1000619,"53",Province 53,"619",Ward 619,WORK,1,2026-05-13
ADDR_HIST_100062,"100062",Address 100062,"18",Province 18,"62",Ward 62,HOME,1,2026-05-13
ADDR_HIST_1000620,"1000620",Address 1000620,"54",Province 54,"620",Ward 620,HOME,0,2026-05-13
ADDR_HIST_1000621,"1000621",Address 1000621,"55",Province 55,"621",Ward 621,WORK,1,2026-05-13
ADDR_HIST_1000622,"1000622",Address 1000622,"56",Province 56,"622",Ward 622,HOME,1,2026-05-13
ADDR_HIST_1000623,"1000623",Address 1000623,"57",Province 57,"623",Ward 623,WORK,1,2026-05-13
ADDR_HIST_1000624,"1000624",Address 1000624,"58",Province 58,"624",Ward 624,HOME,1,2026-05-13
ADDR_HIST_1000625,"1000625",Address 1000625,"59",Province 59,"625",Ward 625,WORK,0,2026-05-13
ADDR_HIST_1000626,"1000626",Address 1000626,"60",Province 60,"626",Ward 626,HOME,1,2026-05-13
ADDR_HIST_1000627,"1000627",Address 1000627,"61",Province 61,"627",Ward 627,WORK,1,2026-05-13
ADDR_HIST_1000628,"1000628",Address 1000628,"62",Province 62,"628",Ward 628,HOME,1,2026-05-13
ADDR_HIST_1000629,"1000629",Address 1000629,"0",Province 0,"629",Ward 629,WORK,1,2026-05-13
ADDR_HIST_100063,"100063",Address 100063,"19",Province 19,"63",Ward 63,WORK,1,2026-05-13
ADDR_HIST_1000630,"1000630",Address 1000630,"1",Province 1,"630",Ward 630,HOME,0,2026-05-13
ADDR_HIST_1000631,"1000631",Address 1000631,"2",Province 2,"631",Ward 631,WORK,1,2026-05-13
ADDR_HIST_1000632,"1000632",Address 1000632,"3",Province 3,"632",Ward 632,HOME,1,2026-05-13
ADDR_HIST_1000633,"1000633",Address 1000633,"4",Province 4,"633",Ward 633,WORK,1,2026-05-13
ADDR_HIST_1000634,"1000634",Address 1000634,"5",Province 5,"634",Ward 634,HOME,1,2026-05-13
ADDR_HIST_1000635,"1000635",Address 1000635,"6",Province 6,"635",Ward 635,WORK,0,2026-05-13
ADDR_HIST_1000636,"1000636",Address 1000636,"7",Province 7,"636",Ward 636,HOME,1,2026-05-13
ADDR_HIST_1000637,"1000637",Address 1000637,"8",Province 8,"637",Ward 637,WORK,1,2026-05-13
ADDR_HIST_1000638,"1000638",Address 1000638,"9",Province 9,"638",Ward 638,HOME,1,2026-05-13
ADDR_HIST_1000639,"1000639",Address 1000639,"10",Province 10,"639",Ward 639,WORK,1,2026-05-13
ADDR_HIST_100064,"100064",Address 100064,"20",Province 20,"64",Ward 64,HOME,1,2026-05-13
ADDR_HIST_1000640,"1000640",Address 1000640,"11",Province 11,"640",Ward 640,HOME,0,2026-05-13
ADDR_HIST_1000641,"1000641",Address 1000641,"12",Province 12,"641",Ward 641,WORK,1,2026-05-13
ADDR_HIST_1000642,"1000642",Address 1000642,"13",Province 13,"642",Ward 642,HOME,1,2026-05-13
ADDR_HIST_1000643,"1000643",Address 1000643,"14",Province 14,"643",Ward 643,WORK,1,2026-05-13
ADDR_HIST_1000644,"1000644",Address 1000644,"15",Province 15,"644",Ward 644,HOME,1,2026-05-13
ADDR_HIST_1000645,"1000645",Address 1000645,"16",Province 16,"645",Ward 645,WORK,0,2026-05-13
ADDR_HIST_1000646,"1000646",Address 1000646,"17",Province 17,"646",Ward 646,HOME,1,2026-05-13
ADDR_HIST_1000647,"1000647",Address 1000647,"18",Province 18,"647",Ward 647,WORK,1,2026-05-13
ADDR_HIST_1000648,"1000648",Address 1000648,"19",Province 19,"648",Ward 648,HOME,1,2026-05-13
ADDR_HIST_1000649,"1000649",Address 1000649,"20",Province 20,"649",Ward 649,WORK,1,2026-05-13
ADDR_HIST_100065,"100065",Address 100065,"21",Province 21,"65",Ward 65,WORK,0,2026-05-13
ADDR_HIST_1000650,"1000650",Address 1000650,"21",Province 21,"650",Ward 650,HOME,0,2026-05-13
ADDR_HIST_1000651,"1000651",Address 1000651,"22",Province 22,"651",Ward 651,WORK,1,2026-05-13
ADDR_HIST_1000652,"1000652",Address 1000652,"23",Province 23,"652",Ward 652,HOME,1,2026-05-13
ADDR_HIST_1000653,"1000653",Address 1000653,"24",Province 24,"653",Ward 653,WORK,1,2026-05-13
ADDR_HIST_1000654,"1000654",Address 1000654,"25",Province 25,"654",Ward 654,HOME,1,2026-05-13
ADDR_HIST_1000655,"1000655",Address 1000655,"26",Province 26,"655",Ward 655,WORK,0,2026-05-13
ADDR_HIST_1000656,"1000656",Address 1000656,"27",Province 27,"656",Ward 656,HOME,1,2026-05-13
ADDR_HIST_1000657,"1000657",Address 1000657,"28",Province 28,"657",Ward 657,WORK,1,2026-05-13
ADDR_HIST_1000658,"1000658",Address 1000658,"29",Province 29,"658",Ward 658,HOME,1,2026-05-13
ADDR_HIST_1000659,"1000659",Address 1000659,"30",Province 30,"659",Ward 659,WORK,1,2026-05-13
ADDR_HIST_100066,"100066",Address 100066,"22",Province 22,"66",Ward 66,HOME,1,2026-05-13
ADDR_HIST_1000660,"1000660",Address 1000660,"31",Province 31,"660",Ward 660,HOME,0,2026-05-13
ADDR_HIST_1000661,"1000661",Address 1000661,"32",Province 32,"661",Ward 661,WORK,1,2026-05-13
ADDR_HIST_1000662,"1000662",Address 1000662,"33",Province 33,"662",Ward 662,HOME,1,2026-05-13
ADDR_HIST_1000663,"1000663",Address 1000663,"34",Province 34,"663",Ward 663,WORK,1,2026-05-13
ADDR_HIST_1000664,"1000664",Address 1000664,"35",Province 35,"664",Ward 664,HOME,1,2026-05-13
ADDR_HIST_1000665,"1000665",Address 1000665,"36",Province 36,"665",Ward 665,WORK,0,2026-05-13
ADDR_HIST_1000666,"1000666",Address 1000666,"37",Province 37,"666",Ward 666,HOME,1,2026-05-13
ADDR_HIST_1000667,"1000667",Address 1000667,"38",Province 38,"667",Ward 667,WORK,1,2026-05-13
ADDR_HIST_1000668,"1000668",Address 1000668,"39",Province 39,"668",Ward 668,HOME,1,2026-05-13
ADDR_HIST_1000669,"1000669",Address 1000669,"40",Province 40,"669",Ward 669,WORK,1,2026-05-13
ADDR_HIST_100067,"100067",Address 100067,"23",Province 23,"67",Ward 67,WORK,1,2026-05-13
ADDR_HIST_1000670,"1000670",Address 1000670,"41",Province 41,"670",Ward 670,HOME,0,2026-05-13
ADDR_HIST_1000671,"1000671",Address 1000671,"42",Province 42,"671",Ward 671,WORK,1,2026-05-13
ADDR_HIST_1000672,"1000672",Address 1000672,"43",Province 43,"672",Ward 672,HOME,1,2026-05-13
ADDR_HIST_1000673,"1000673",Address 1000673,"44",Province 44,"673",Ward 673,WORK,1,2026-05-13
ADDR_HIST_1000674,"1000674",Address 1000674,"45",Province 45,"674",Ward 674,HOME,1,2026-05-13
ADDR_HIST_1000675,"1000675",Address 1000675,"46",Province 46,"675",Ward 675,WORK,0,2026-05-13
ADDR_HIST_1000676,"1000676",Address 1000676,"47",Province 47,"676",Ward 676,HOME,1,2026-05-13
ADDR_HIST_1000677,"1000677",Address 1000677,"48",Province 48,"677",Ward 677,WORK,1,2026-05-13
ADDR_HIST_1000678,"1000678",Address 1000678,"49",Province 49,"678",Ward 678,HOME,1,2026-05-13
ADDR_HIST_1000679,"1000679",Address 1000679,"50",Province 50,"679",Ward 679,WORK,1,2026-05-13
ADDR_HIST_100068,"100068",Address 100068,"24",Province 24,"68",Ward 68,HOME,1,2026-05-13
ADDR_HIST_1000680,"1000680",Address 1000680,"51",Province 51,"680",Ward 680,HOME,0,2026-05-13
ADDR_HIST_1000681,"1000681",Address 1000681,"52",Province 52,"681",Ward 681,WORK,1,2026-05-13
ADDR_HIST_1000682,"1000682",Address 1000682,"53",Province 53,"682",Ward 682,HOME,1,2026-05-13
ADDR_HIST_1000683,"1000683",Address 1000683,"54",Province 54,"683",Ward 683,WORK,1,2026-05-13
ADDR_HIST_1000684,"1000684",Address 1000684,"55",Province 55,"684",Ward 684,HOME,1,2026-05-13
ADDR_HIST_1000685,"1000685",Address 1000685,"56",Province 56,"685",Ward 685,WORK,0,2026-05-13
ADDR_HIST_1000686,"1000686",Address 1000686,"57",Province 57,"686",Ward 686,HOME,1,2026-05-13
ADDR_HIST_1000687,"1000687",Address 1000687,"58",Province 58,"687",Ward 687,WORK,1,2026-05-13
ADDR_HIST_1000688,"1000688",Address 1000688,"59",Province 59,"688",Ward 688,HOME,1,2026-05-13
ADDR_HIST_1000689,"1000689",Address 1000689,"60",Province 60,"689",Ward 689,WORK,1,2026-05-13
ADDR_HIST_100069,"100069",Address 100069,"25",Province 25,"69",Ward 69,WORK,1,2026-05-13
ADDR_HIST_1000690,"1000690",Address 1000690,"61",Province 61,"690",Ward 690,HOME,0,2026-05-13
ADDR_HIST_1000691,"1000691",Address 1000691,"62",Province 62,"691",Ward 691,WORK,1,2026-05-13
ADDR_HIST_1000692,"1000692",Address 1000692,"0",Province 0,"692",Ward 692,HOME,1,2026-05-13
ADDR_HIST_1000693,"1000693",Address 1000693,"1",Province 1,"693",Ward 693,WORK,1,2026-05-13
ADDR_HIST_1000694,"1000694",Address 1000694,"2",Province 2,"694",Ward 694,HOME,1,2026-05-13
ADDR_HIST_1000695,"1000695",Address 1000695,"3",Province 3,"695",Ward 695,WORK,0,2026-05-13
ADDR_HIST_1000696,"1000696",Address 1000696,"4",Province 4,"696",Ward 696,HOME,1,2026-05-13
ADDR_HIST_1000697,"1000697",Address 1000697,"5",Province 5,"697",Ward 697,WORK,1,2026-05-13
ADDR_HIST_1000698,"1000698",Address 1000698,"6",Province 6,"698",Ward 698,HOME,1,2026-05-13
ADDR_HIST_1000699,"1000699",Address 1000699,"7",Province 7,"699",Ward 699,WORK,1,2026-05-13
ADDR_HIST_10007,"10007",Address 10007,"53",Province 53,"7",Ward 7,WORK,1,2026-05-13
ADDR_HIST_100070,"100070",Address 100070,"26",Province 26,"70",Ward 70,HOME,0,2026-05-13
ADDR_HIST_1000700,"1000700",Address 1000700,"8",Province 8,"700",Ward 700,HOME,0,2026-05-13
ADDR_HIST_1000701,"1000701",Address 1000701,"9",Province 9,"701",Ward 701,WORK,1,2026-05-13
ADDR_HIST_1000702,"1000702",Address 1000702,"10",Province 10,"702",Ward 702,HOME,1,2026-05-13
ADDR_HIST_1000703,"1000703",Address 1000703,"11",Province 11,"703",Ward 703,WORK,1,2026-05-13
ADDR_HIST_1000704,"1000704",Address 1000704,"12",Province 12,"704",Ward 704,HOME,1,2026-05-13
ADDR_HIST_1000705,"1000705",Address 1000705,"13",Province 13,"705",Ward 705,WORK,0,2026-05-13
ADDR_HIST_1000706,"1000706",Address 1000706,"14",Province 14,"706",Ward 706,HOME,1,2026-05-13
ADDR_HIST_1000707,"1000707",Address 1000707,"15",Province 15,"707",Ward 707,WORK,1,2026-05-13
ADDR_HIST_1000708,"1000708",Address 1000708,"16",Province 16,"708",Ward 708,HOME,1,2026-05-13
ADDR_HIST_1000709,"1000709",Address 1000709,"17",Province 17,"709",Ward 709,WORK,1,2026-05-13
ADDR_HIST_100071,"100071",Address 100071,"27",Province 27,"71",Ward 71,WORK,1,2026-05-13
ADDR_HIST_1000710,"1000710",Address 1000710,"18",Province 18,"710",Ward 710,HOME,0,2026-05-13
ADDR_HIST_1000711,"1000711",Address 1000711,"19",Province 19,"711",Ward 711,WORK,1,2026-05-13
ADDR_HIST_1000712,"1000712",Address 1000712,"20",Province 20,"712",Ward 712,HOME,1,2026-05-13
ADDR_HIST_1000713,"1000713",Address 1000713,"21",Province 21,"713",Ward 713,WORK,1,2026-05-13
ADDR_HIST_1000714,"1000714",Address 1000714,"22",Province 22,"714",Ward 714,HOME,1,2026-05-13
ADDR_HIST_1000715,"1000715",Address 1000715,"23",Province 23,"715",Ward 715,WORK,0,2026-05-13
ADDR_HIST_1000716,"1000716",Address 1000716,"24",Province 24,"716",Ward 716,HOME,1,2026-05-13
ADDR_HIST_1000717,"1000717",Address 1000717,"25",Province 25,"717",Ward 717,WORK,1,2026-05-13
ADDR_HIST_1000718,"1000718",Address 1000718,"26",Province 26,"718",Ward 718,HOME,1,2026-05-13
ADDR_HIST_1000719,"1000719",Address 1000719,"27",Province 27,"719",Ward 719,WORK,1,2026-05-13
ADDR_HIST_100072,"100072",Address 100072,"28",Province 28,"72",Ward 72,HOME,1,2026-05-13
ADDR_HIST_1000720,"1000720",Address 1000720,"28",Province 28,"720",Ward 720,HOME,0,2026-05-13
ADDR_HIST_1000721,"1000721",Address 1000721,"29",Province 29,"721",Ward 721,WORK,1,2026-05-13
ADDR_HIST_1000722,"1000722",Address 1000722,"30",Province 30,"722",Ward 722,HOME,1,2026-05-13
ADDR_HIST_1000723,"1000723",Address 1000723,"31",Province 31,"723",Ward 723,WORK,1,2026-05-13
ADDR_HIST_1000724,"1000724",Address 1000724,"32",Province 32,"724",Ward 724,HOME,1,2026-05-13
ADDR_HIST_1000725,"1000725",Address 1000725,"33",Province 33,"725",Ward 725,WORK,0,2026-05-13
ADDR_HIST_1000726,"1000726",Address 1000726,"34",Province 34,"726",Ward 726,HOME,1,2026-05-13
ADDR_HIST_1000727,"1000727",Address 1000727,"35",Province 35,"727",Ward 727,WORK,1,2026-05-13
ADDR_HIST_1000728,"1000728",Address 1000728,"36",Province 36,"728",Ward 728,HOME,1,2026-05-13
ADDR_HIST_1000729,"1000729",Address 1000729,"37",Province 37,"729",Ward 729,WORK,1,2026-05-13
ADDR_HIST_100073,"100073",Address 100073,"29",Province 29,"73",Ward 73,WORK,1,2026-05-13
ADDR_HIST_1000730,"1000730",Address 1000730,"38",Province 38,"730",Ward 730,HOME,0,2026-05-13
ADDR_HIST_1000731,"1000731",Address 1000731,"39",Province 39,"731",Ward 731,WORK,1,2026-05-13
ADDR_HIST_1000732,"1000732",Address 1000732,"40",Province 40,"732",Ward 732,HOME,1,2026-05-13
ADDR_HIST_1000733,"1000733",Address 1000733,"41",Province 41,"733",Ward 733,WORK,1,2026-05-13
ADDR_HIST_1000734,"1000734",Address 1000734,"42",Province 42,"734",Ward 734,HOME,1,2026-05-13
ADDR_HIST_1000735,"1000735",Address 1000735,"43",Province 43,"735",Ward 735,WORK,0,2026-05-13
ADDR_HIST_1000736,"1000736",Address 1000736,"44",Province 44,"736",Ward 736,HOME,1,2026-05-13
ADDR_HIST_1000737,"1000737",Address 1000737,"45",Province 45,"737",Ward 737,WORK,1,2026-05-13
ADDR_HIST_1000738,"1000738",Address 1000738,"46",Province 46,"738",Ward 738,HOME,1,2026-05-13
ADDR_HIST_1000739,"1000739",Address 1000739,"47",Province 47,"739",Ward 739,WORK,1,2026-05-13
ADDR_HIST_100074,"100074",Address 100074,"30",Province 30,"74",Ward 74,HOME,1,2026-05-13
ADDR_HIST_1000740,"1000740",Address 1000740,"48",Province 48,"740",Ward 740,HOME,0,2026-05-13
ADDR_HIST_1000741,"1000741",Address 1000741,"49",Province 49,"741",Ward 741,WORK,1,2026-05-13
ADDR_HIST_1000742,"1000742",Address 1000742,"50",Province 50,"742",Ward 742,HOME,1,2026-05-13
ADDR_HIST_1000743,"1000743",Address 1000743,"51",Province 51,"743",Ward 743,WORK,1,2026-05-13
ADDR_HIST_1000744,"1000744",Address 1000744,"52",Province 52,"744",Ward 744,HOME,1,2026-05-13
ADDR_HIST_1000745,"1000745",Address 1000745,"53",Province 53,"745",Ward 745,WORK,0,2026-05-13
ADDR_HIST_1000746,"1000746",Address 1000746,"54",Province 54,"746",Ward 746,HOME,1,2026-05-13
ADDR_HIST_1000747,"1000747",Address 1000747,"55",Province 55,"747",Ward 747,WORK,1,2026-05-13
ADDR_HIST_1000748,"1000748",Address 1000748,"56",Province 56,"748",Ward 748,HOME,1,2026-05-13
ADDR_HIST_1000749,"1000749",Address 1000749,"57",Province 57,"749",Ward 749,WORK,1,2026-05-13
ADDR_HIST_100075,"100075",Address 100075,"31",Province 31,"75",Ward 75,WORK,0,2026-05-13
ADDR_HIST_1000750,"1000750",Address 1000750,"58",Province 58,"750",Ward 750,HOME,0,2026-05-13
ADDR_HIST_1000751,"1000751",Address 1000751,"59",Province 59,"751",Ward 751,WORK,1,2026-05-13
ADDR_HIST_1000752,"1000752",Address 1000752,"60",Province 60,"752",Ward 752,HOME,1,2026-05-13
ADDR_HIST_1000753,"1000753",Address 1000753,"61",Province 61,"753",Ward 753,WORK,1,2026-05-13
ADDR_HIST_1000754,"1000754",Address 1000754,"62",Province 62,"754",Ward 754,HOME,1,2026-05-13
ADDR_HIST_1000755,"1000755",Address 1000755,"0",Province 0,"755",Ward 755,WORK,0,2026-05-13
ADDR_HIST_1000756,"1000756",Address 1000756,"1",Province 1,"756",Ward 756,HOME,1,2026-05-13
ADDR_HIST_1000757,"1000757",Address 1000757,"2",Province 2,"757",Ward 757,WORK,1,2026-05-13
ADDR_HIST_1000758,"1000758",Address 1000758,"3",Province 3,"758",Ward 758,HOME,1,2026-05-13
ADDR_HIST_1000759,"1000759",Address 1000759,"4",Province 4,"759",Ward 759,WORK,1,2026-05-13
ADDR_HIST_100076,"100076",Address 100076,"32",Province 32,"76",Ward 76,HOME,1,2026-05-13
ADDR_HIST_1000760,"1000760",Address 1000760,"5",Province 5,"760",Ward 760,HOME,0,2026-05-13
ADDR_HIST_1000761,"1000761",Address 1000761,"6",Province 6,"761",Ward 761,WORK,1,2026-05-13
ADDR_HIST_1000762,"1000762",Address 1000762,"7",Province 7,"762",Ward 762,HOME,1,2026-05-13
ADDR_HIST_1000763,"1000763",Address 1000763,"8",Province 8,"763",Ward 763,WORK,1,2026-05-13
ADDR_HIST_1000764,"1000764",Address 1000764,"9",Province 9,"764",Ward 764,HOME,1,2026-05-13
ADDR_HIST_1000765,"1000765",Address 1000765,"10",Province 10,"765",Ward 765,WORK,0,2026-05-13
ADDR_HIST_1000766,"1000766",Address 1000766,"11",Province 11,"766",Ward 766,HOME,1,2026-05-13
ADDR_HIST_1000767,"1000767",Address 1000767,"12",Province 12,"767",Ward 767,WORK,1,2026-05-13
ADDR_HIST_1000768,"1000768",Address 1000768,"13",Province 13,"768",Ward 768,HOME,1,2026-05-13
ADDR_HIST_1000769,"1000769",Address 1000769,"14",Province 14,"769",Ward 769,WORK,1,2026-05-13
ADDR_HIST_100077,"100077",Address 100077,"33",Province 33,"77",Ward 77,WORK,1,2026-05-13
ADDR_HIST_1000770,"1000770",Address 1000770,"15",Province 15,"770",Ward 770,HOME,0,2026-05-13
ADDR_HIST_1000771,"1000771",Address 1000771,"16",Province 16,"771",Ward 771,WORK,1,2026-05-13
ADDR_HIST_1000772,"1000772",Address 1000772,"17",Province 17,"772",Ward 772,HOME,1,2026-05-13
ADDR_HIST_1000773,"1000773",Address 1000773,"18",Province 18,"773",Ward 773,WORK,1,2026-05-13
ADDR_HIST_1000774,"1000774",Address 1000774,"19",Province 19,"774",Ward 774,HOME,1,2026-05-13
ADDR_HIST_1000775,"1000775",Address 1000775,"20",Province 20,"775",Ward 775,WORK,0,2026-05-13
ADDR_HIST_1000776,"1000776",Address 1000776,"21",Province 21,"776",Ward 776,HOME,1,2026-05-13
ADDR_HIST_1000777,"1000777",Address 1000777,"22",Province 22,"777",Ward 777,WORK,1,2026-05-13
ADDR_HIST_1000778,"1000778",Address 1000778,"23",Province 23,"778",Ward 778,HOME,1,2026-05-13
ADDR_HIST_1000779,"1000779",Address 1000779,"24",Province 24,"779",Ward 779,WORK,1,2026-05-13
ADDR_HIST_100078,"100078",Address 100078,"34",Province 34,"78",Ward 78,HOME,1,2026-05-13
ADDR_HIST_1000780,"1000780",Address 1000780,"25",Province 25,"780",Ward 780,HOME,0,2026-05-13
ADDR_HIST_1000781,"1000781",Address 1000781,"26",Province 26,"781",Ward 781,WORK,1,2026-05-13
ADDR_HIST_1000782,"1000782",Address 1000782,"27",Province 27,"782",Ward 782,HOME,1,2026-05-13
ADDR_HIST_1000783,"1000783",Address 1000783,"28",Province 28,"783",Ward 783,WORK,1,2026-05-13
ADDR_HIST_1000784,"1000784",Address 1000784,"29",Province 29,"784",Ward 784,HOME,1,2026-05-13
ADDR_HIST_1000785,"1000785",Address 1000785,"30",Province 30,"785",Ward 785,WORK,0,2026-05-13
ADDR_HIST_1000786,"1000786",Address 1000786,"31",Province 31,"786",Ward 786,HOME,1,2026-05-13
ADDR_HIST_1000787,"1000787",Address 1000787,"32",Province 32,"787",Ward 787,WORK,1,2026-05-13
ADDR_HIST_1000788,"1000788",Address 1000788,"33",Province 33,"788",Ward 788,HOME,1,2026-05-13
ADDR_HIST_1000789,"1000789",Address 1000789,"34",Province 34,"789",Ward 789,WORK,1,2026-05-13
ADDR_HIST_100079,"100079",Address 100079,"35",Province 35,"79",Ward 79,WORK,1,2026-05-13
ADDR_HIST_1000790,"1000790",Address 1000790,"35",Province 35,"790",Ward 790,HOME,0,2026-05-13
ADDR_HIST_1000791,"1000791",Address 1000791,"36",Province 36,"791",Ward 791,WORK,1,2026-05-13
ADDR_HIST_1000792,"1000792",Address 1000792,"37",Province 37,"792",Ward 792,HOME,1,2026-05-13
ADDR_HIST_1000793,"1000793",Address 1000793,"38",Province 38,"793",Ward 793,WORK,1,2026-05-13
ADDR_HIST_1000794,"1000794",Address 1000794,"39",Province 39,"794",Ward 794,HOME,1,2026-05-13
ADDR_HIST_1000795,"1000795",Address 1000795,"40",Province 40,"795",Ward 795,WORK,0,2026-05-13
ADDR_HIST_1000796,"1000796",Address 1000796,"41",Province 41,"796",Ward 796,HOME,1,2026-05-13
ADDR_HIST_1000797,"1000797",Address 1000797,"42",Province 42,"797",Ward 797,WORK,1,2026-05-13
ADDR_HIST_1000798,"1000798",Address 1000798,"43",Province 43,"798",Ward 798,HOME,1,2026-05-13
ADDR_HIST_1000799,"1000799",Address 1000799,"44",Province 44,"799",Ward 799,WORK,1,2026-05-13
ADDR_HIST_10008,"10008",Address 10008,"54",Province 54,"8",Ward 8,HOME,1,2026-05-13
ADDR_HIST_100080,"100080",Address 100080,"36",Province 36,"80",Ward 80,HOME,0,2026-05-13
ADDR_HIST_1000800,"1000800",Address 1000800,"45",Province 45,"800",Ward 800,HOME,0,2026-05-13
ADDR_HIST_1000801,"1000801",Address 1000801,"46",Province 46,"801",Ward 801,WORK,1,2026-05-13
ADDR_HIST_1000802,"1000802",Address 1000802,"47",Province 47,"802",Ward 802,HOME,1,2026-05-13
ADDR_HIST_1000803,"1000803",Address 1000803,"48",Province 48,"803",Ward 803,WORK,1,2026-05-13
ADDR_HIST_1000804,"1000804",Address 1000804,"49",Province 49,"804",Ward 804,HOME,1,2026-05-13
ADDR_HIST_1000805,"1000805",Address 1000805,"50",Province 50,"805",Ward 805,WORK,0,2026-05-13
ADDR_HIST_1000806,"1000806",Address 1000806,"51",Province 51,"806",Ward 806,HOME,1,2026-05-13
ADDR_HIST_1000807,"1000807",Address 1000807,"52",Province 52,"807",Ward 807,WORK,1,2026-05-13
ADDR_HIST_1000808,"1000808",Address 1000808,"53",Province 53,"808",Ward 808,HOME,1,2026-05-13
ADDR_HIST_1000809,"1000809",Address 1000809,"54",Province 54,"809",Ward 809,WORK,1,2026-05-13
ADDR_HIST_100081,"100081",Address 100081,"37",Province 37,"81",Ward 81,WORK,1,2026-05-13
ADDR_HIST_1000810,"1000810",Address 1000810,"55",Province 55,"810",Ward 810,HOME,0,2026-05-13
ADDR_HIST_1000811,"1000811",Address 1000811,"56",Province 56,"811",Ward 811,WORK,1,2026-05-13
ADDR_HIST_1000812,"1000812",Address 1000812,"57",Province 57,"812",Ward 812,HOME,1,2026-05-13
ADDR_HIST_1000813,"1000813",Address 1000813,"58",Province 58,"813",Ward 813,WORK,1,2026-05-13
ADDR_HIST_1000814,"1000814",Address 1000814,"59",Province 59,"814",Ward 814,HOME,1,2026-05-13
ADDR_HIST_1000815,"1000815",Address 1000815,"60",Province 60,"815",Ward 815,WORK,0,2026-05-13
ADDR_HIST_1000816,"1000816",Address 1000816,"61",Province 61,"816",Ward 816,HOME,1,2026-05-13
ADDR_HIST_1000817,"1000817",Address 1000817,"62",Province 62,"817",Ward 817,WORK,1,2026-05-13
ADDR_HIST_1000818,"1000818",Address 1000818,"0",Province 0,"818",Ward 818,HOME,1,2026-05-13
ADDR_HIST_1000819,"1000819",Address 1000819,"1",Province 1,"819",Ward 819,WORK,1,2026-05-13
ADDR_HIST_100082,"100082",Address 100082,"38",Province 38,"82",Ward 82,HOME,1,2026-05-13
ADDR_HIST_1000820,"1000820",Address 1000820,"2",Province 2,"820",Ward 820,HOME,0,2026-05-13
ADDR_HIST_1000821,"1000821",Address 1000821,"3",Province 3,"821",Ward 821,WORK,1,2026-05-13
ADDR_HIST_1000822,"1000822",Address 1000822,"4",Province 4,"822",Ward 822,HOME,1,2026-05-13
ADDR_HIST_1000823,"1000823",Address 1000823,"5",Province 5,"823",Ward 823,WORK,1,2026-05-13
ADDR_HIST_1000824,"1000824",Address 1000824,"6",Province 6,"824",Ward 824,HOME,1,2026-05-13
ADDR_HIST_1000825,"1000825",Address 1000825,"7",Province 7,"825",Ward 825,WORK,0,2026-05-13
ADDR_HIST_1000826,"1000826",Address 1000826,"8",Province 8,"826",Ward 826,HOME,1,2026-05-13
ADDR_HIST_1000827,"1000827",Address 1000827,"9",Province 9,"827",Ward 827,WORK,1,2026-05-13
ADDR_HIST_1000828,"1000828",Address 1000828,"10",Province 10,"828",Ward 828,HOME,1,2026-05-13
ADDR_HIST_1000829,"1000829",Address 1000829,"11",Province 11,"829",Ward 829,WORK,1,2026-05-13
ADDR_HIST_100083,"100083",Address 100083,"39",Province 39,"83",Ward 83,WORK,1,2026-05-13
ADDR_HIST_1000830,"1000830",Address 1000830,"12",Province 12,"830",Ward 830,HOME,0,2026-05-13
ADDR_HIST_1000831,"1000831",Address 1000831,"13",Province 13,"831",Ward 831,WORK,1,2026-05-13
ADDR_HIST_1000832,"1000832",Address 1000832,"14",Province 14,"832",Ward 832,HOME,1,2026-05-13
ADDR_HIST_1000833,"1000833",Address 1000833,"15",Province 15,"833",Ward 833,WORK,1,2026-05-13
ADDR_HIST_1000834,"1000834",Address 1000834,"16",Province 16,"834",Ward 834,HOME,1,2026-05-13
ADDR_HIST_1000835,"1000835",Address 1000835,"17",Province 17,"835",Ward 835,WORK,0,2026-05-13
ADDR_HIST_1000836,"1000836",Address 1000836,"18",Province 18,"836",Ward 836,HOME,1,2026-05-13
ADDR_HIST_1000837,"1000837",Address 1000837,"19",Province 19,"837",Ward 837,WORK,1,2026-05-13
ADDR_HIST_1000838,"1000838",Address 1000838,"20",Province 20,"838",Ward 838,HOME,1,2026-05-13
ADDR_HIST_1000839,"1000839",Address 1000839,"21",Province 21,"839",Ward 839,WORK,1,2026-05-13
ADDR_HIST_100084,"100084",Address 100084,"40",Province 40,"84",Ward 84,HOME,1,2026-05-13
ADDR_HIST_1000840,"1000840",Address 1000840,"22",Province 22,"840",Ward 840,HOME,0,2026-05-13
ADDR_HIST_1000841,"1000841",Address 1000841,"23",Province 23,"841",Ward 841,WORK,1,2026-05-13
ADDR_HIST_1000842,"1000842",Address 1000842,"24",Province 24,"842",Ward 842,HOME,1,2026-05-13
ADDR_HIST_1000843,"1000843",Address 1000843,"25",Province 25,"843",Ward 843,WORK,1,2026-05-13
ADDR_HIST_1000844,"1000844",Address 1000844,"26",Province 26,"844",Ward 844,HOME,1,2026-05-13
ADDR_HIST_1000845,"1000845",Address 1000845,"27",Province 27,"845",Ward 845,WORK,0,2026-05-13
ADDR_HIST_1000846,"1000846",Address 1000846,"28",Province 28,"846",Ward 846,HOME,1,2026-05-13
ADDR_HIST_1000847,"1000847",Address 1000847,"29",Province 29,"847",Ward 847,WORK,1,2026-05-13
ADDR_HIST_1000848,"1000848",Address 1000848,"30",Province 30,"848",Ward 848,HOME,1,2026-05-13
ADDR_HIST_1000849,"1000849",Address 1000849,"31",Province 31,"849",Ward 849,WORK,1,2026-05-13
ADDR_HIST_100085,"100085",Address 100085,"41",Province 41,"85",Ward 85,WORK,0,2026-05-13
ADDR_HIST_1000850,"1000850",Address 1000850,"32",Province 32,"850",Ward 850,HOME,0,2026-05-13
ADDR_HIST_1000851,"1000851",Address 1000851,"33",Province 33,"851",Ward 851,WORK,1,2026-05-13
ADDR_HIST_1000852,"1000852",Address 1000852,"34",Province 34,"852",Ward 852,HOME,1,2026-05-13
ADDR_HIST_1000853,"1000853",Address 1000853,"35",Province 35,"853",Ward 853,WORK,1,2026-05-13
ADDR_HIST_1000854,"1000854",Address 1000854,"36",Province 36,"854",Ward 854,HOME,1,2026-05-13
ADDR_HIST_1000855,"1000855",Address 1000855,"37",Province 37,"855",Ward 855,WORK,0,2026-05-13
ADDR_HIST_1000856,"1000856",Address 1000856,"38",Province 38,"856",Ward 856,HOME,1,2026-05-13
ADDR_HIST_1000857,"1000857",Address 1000857,"39",Province 39,"857",Ward 857,WORK,1,2026-05-13
ADDR_HIST_1000858,"1000858",Address 1000858,"40",Province 40,"858",Ward 858,HOME,1,2026-05-13
ADDR_HIST_1000859,"1000859",Address 1000859,"41",Province 41,"859",Ward 859,WORK,1,2026-05-13
ADDR_HIST_100086,"100086",Address 100086,"42",Province 42,"86",Ward 86,HOME,1,2026-05-13
ADDR_HIST_1000860,"1000860",Address 1000860,"42",Province 42,"860",Ward 860,HOME,0,2026-05-13
ADDR_HIST_1000861,"1000861",Address 1000861,"43",Province 43,"861",Ward 861,WORK,1,2026-05-13
ADDR_HIST_1000862,"1000862",Address 1000862,"44",Province 44,"862",Ward 862,HOME,1,2026-05-13
ADDR_HIST_1000863,"1000863",Address 1000863,"45",Province 45,"863",Ward 863,WORK,1,2026-05-13
ADDR_HIST_1000864,"1000864",Address 1000864,"46",Province 46,"864",Ward 864,HOME,1,2026-05-13
ADDR_HIST_1000865,"1000865",Address 1000865,"47",Province 47,"865",Ward 865,WORK,0,2026-05-13
ADDR_HIST_1000866,"1000866",Address 1000866,"48",Province 48,"866",Ward 866,HOME,1,2026-05-13
ADDR_HIST_1000867,"1000867",Address 1000867,"49",Province 49,"867",Ward 867,WORK,1,2026-05-13
ADDR_HIST_1000868,"1000868",Address 1000868,"50",Province 50,"868",Ward 868,HOME,1,2026-05-13
ADDR_HIST_1000869,"1000869",Address 1000869,"51",Province 51,"869",Ward 869,WORK,1,2026-05-13
ADDR_HIST_100087,"100087",Address 100087,"43",Province 43,"87",Ward 87,WORK,1,2026-05-13
ADDR_HIST_1000870,"1000870",Address 1000870,"52",Province 52,"870",Ward 870,HOME,0,2026-05-13
ADDR_HIST_1000871,"1000871",Address 1000871,"53",Province 53,"871",Ward 871,WORK,1,2026-05-13
ADDR_HIST_1000872,"1000872",Address 1000872,"54",Province 54,"872",Ward 872,HOME,1,2026-05-13
ADDR_HIST_1000873,"1000873",Address 1000873,"55",Province 55,"873",Ward 873,WORK,1,2026-05-13
ADDR_HIST_1000874,"1000874",Address 1000874,"56",Province 56,"874",Ward 874,HOME,1,2026-05-13
ADDR_HIST_1000875,"1000875",Address 1000875,"57",Province 57,"875",Ward 875,WORK,0,2026-05-13
ADDR_HIST_1000876,"1000876",Address 1000876,"58",Province 58,"876",Ward 876,HOME,1,2026-05-13
ADDR_HIST_1000877,"1000877",Address 1000877,"59",Province 59,"877",Ward 877,WORK,1,2026-05-13
ADDR_HIST_1000878,"1000878",Address 1000878,"60",Province 60,"878",Ward 878,HOME,1,2026-05-13
ADDR_HIST_1000879,"1000879",Address 1000879,"61",Province 61,"879",Ward 879,WORK,1,2026-05-13
ADDR_HIST_100088,"100088",Address 100088,"44",Province 44,"88",Ward 88,HOME,1,2026-05-13
ADDR_HIST_1000880,"1000880",Address 1000880,"62",Province 62,"880",Ward 880,HOME,0,2026-05-13
ADDR_HIST_1000881,"1000881",Address 1000881,"0",Province 0,"881",Ward 881,WORK,1,2026-05-13
ADDR_HIST_1000882,"1000882",Address 1000882,"1",Province 1,"882",Ward 882,HOME,1,2026-05-13
ADDR_HIST_1000883,"1000883",Address 1000883,"2",Province 2,"883",Ward 883,WORK,1,2026-05-13
ADDR_HIST_1000884,"1000884",Address 1000884,"3",Province 3,"884",Ward 884,HOME,1,2026-05-13
ADDR_HIST_1000885,"1000885",Address 1000885,"4",Province 4,"885",Ward 885,WORK,0,2026-05-13
ADDR_HIST_1000886,"1000886",Address 1000886,"5",Province 5,"886",Ward 886,HOME,1,2026-05-13
ADDR_HIST_1000887,"1000887",Address 1000887,"6",Province 6,"887",Ward 887,WORK,1,2026-05-13
ADDR_HIST_1000888,"1000888",Address 1000888,"7",Province 7,"888",Ward 888,HOME,1,2026-05-13
ADDR_HIST_1000889,"1000889",Address 1000889,"8",Province 8,"889",Ward 889,WORK,1,2026-05-13
ADDR_HIST_100089,"100089",Address 100089,"45",Province 45,"89",Ward 89,WORK,1,2026-05-13
ADDR_HIST_1000890,"1000890",Address 1000890,"9",Province 9,"890",Ward 890,HOME,0,2026-05-13
ADDR_HIST_1000891,"1000891",Address 1000891,"10",Province 10,"891",Ward 891,WORK,1,2026-05-13
ADDR_HIST_1000892,"1000892",Address 1000892,"11",Province 11,"892",Ward 892,HOME,1,2026-05-13
ADDR_HIST_1000893,"1000893",Address 1000893,"12",Province 12,"893",Ward 893,WORK,1,2026-05-13
ADDR_HIST_1000894,"1000894",Address 1000894,"13",Province 13,"894",Ward 894,HOME,1,2026-05-13
ADDR_HIST_1000895,"1000895",Address 1000895,"14",Province 14,"895",Ward 895,WORK,0,2026-05-13