"ward_code","ward_name","ward_english_name","ward_level","province_code","province_name","_record_date"
"10003",Xã Tây Phương,,Xã,"1",Thành phố Hà Nội,2026-05-14
"10015",Phường Chương Mỹ,,Phường,"1",Thành phố Hà Nội,2026-05-14
"10030",Xã Phú Nghĩa,,Xã,"1",Thành phố Hà Nội,2026-05-14
"10045",Xã Xuân Mai,,Xã,"1",Thành phố Hà Nội,2026-05-14
"1006",Xã Yên Cường,,Xã,"8",Tỉnh Tuyên Quang,2026-05-14
"10072",Xã Quảng Bị,,Xã,"1",Thành phố Hà Nội,2026-05-14
"10081",Xã Trần Phú ,,Xã,"1",Thành phố Hà Nội,2026-05-14
"10096",Xã Hòa Phú ,,Xã,"1",Thành phố Hà Nội,2026-05-14
"10114",Xã Thanh Oai,,Xã,"1",Thành phố Hà Nội,2026-05-14
"1012",Xã Đường Hồng,,Xã,"8",Tỉnh Tuyên Quang,2026-05-14
"10126",Xã Bình Minh ,,Xã,"1",Thành phố Hà Nội,2026-05-14
"10144",Xã Tam Hưng,,Xã,"1",Thành phố Hà Nội,2026-05-14
"10180",Xã Dân Hòa ,,Xã,"1",Thành phố Hà Nội,2026-05-14
"10183",Xã Thường Tín,,Xã,"1",Thành phố Hà Nội,2026-05-14
"1021",Xã Hoàng Su Phì,,Xã,"8",Tỉnh Tuyên Quang,2026-05-14
"10210",Xã Hồng Vân,,Xã,"1",Thành phố Hà Nội,2026-05-14
"10231",Xã Thượng Phúc,,Xã,"1",Thành phố Hà Nội,2026-05-14
"10237",Xã Chương Dương,,Xã,"1",Thành phố Hà Nội,2026-05-14
"1024",Xã Bản Máy,,Xã,"8",Tỉnh Tuyên Quang,2026-05-14
"10273",Xã Phú Xuyên,,Xã,"1",Thành phố Hà Nội,2026-05-14
"10279",Xã Phượng Dực,,Xã,"1",Thành phố Hà Nội,2026-05-14
"103",Phường Tây Hồ,,Phường,"1",Thành phố Hà Nội,2026-05-14
"1033",Xã Thàng Tín,,Xã,"8",Tỉnh Tuyên Quang,2026-05-14
"10330",Xã Chuyên Mỹ,,Xã,"1",Thành phố Hà Nội,2026-05-14
"10342",Xã Đại Xuyên,,Xã,"1",Thành phố Hà Nội,2026-05-14
"10354",Xã Vân Đình,,Xã,"1",Thành phố Hà Nội,2026-05-14
"10369",Xã Ứng Thiên,,Xã,"1",Thành phố Hà Nội,2026-05-14
"10402",Xã Ứng Hòa,,Xã,"1",Thành phố Hà Nội,2026-05-14
"10417",Xã Hòa Xá,,Xã,"1",Thành phố Hà Nội,2026-05-14
"10441",Xã Mỹ Đức,,Xã,"1",Thành phố Hà Nội,2026-05-14
"10459",Xã Phúc Sơn,,Xã,"1",Thành phố Hà Nội,2026-05-14
"10465",Xã Hồng Sơn,,Xã,"1",Thành phố Hà Nội,2026-05-14
"10489",Xã Hương Sơn,,Xã,"1",Thành phố Hà Nội,2026-05-14
"10507",Phường Thành Đông,,Phường,"31",Thành phố Hải Phòng,2026-05-14
"1051",Xã Tân Tiến,,Xã,"8",Tỉnh Tuyên Quang,2026-05-14
"10525",Phường Hải Dương,,Phường,"31",Thành phố Hải Phòng,2026-05-14
"10532",Phường Lê Thanh Nghị,,Phường,"31",Thành phố Hải Phòng,2026-05-14
"10537",Phường Tân Hưng,,Phường,"31",Thành phố Hải Phòng,2026-05-14
"10543",Phường Việt Hòa,,Phường,"31",Thành phố Hải Phòng,2026-05-14
"10546",Phường Chí Linh,,Phường,"31",Thành phố Hải Phòng,2026-05-14
"10549",Phường Chu Văn An,,Phường,"31",Thành phố Hải Phòng,2026-05-14
"10552",Phường Nguyễn Trãi,,Phường,"31",Thành phố Hải Phòng,2026-05-14
"1057",Xã Pờ Ly Ngài,,Xã,"8",Tỉnh Tuyên Quang,2026-05-14
"10570",Phường Trần Hưng Đạo,,Phường,"31",Thành phố Hải Phòng,2026-05-14
"10573",Phường Trần Nhân Tông,,Phường,"31",Thành phố Hải Phòng,2026-05-14
"10603",Phường Lê Đại Hành,,Phường,"31",Thành phố Hải Phòng,2026-05-14
"10606",Xã Nam Sách,,Xã,"31",Thành phố Hải Phòng,2026-05-14
"10615",Xã Hợp Tiến,,Xã,"31",Thành phố Hải Phòng,2026-05-14
"10633",Xã Trần Phú,,Xã,"31",Thành phố Hải Phòng,2026-05-14
"10642",Xã Thái Tân,,Xã,"31",Thành phố Hải Phòng,2026-05-14
"10645",Xã An Phú,,Xã,"31",Thành phố Hải Phòng,2026-05-14
"10660",Phường Ái Quốc,,Phường,"31",Thành phố Hải Phòng,2026-05-14
"10675",Phường Kinh Môn,,Phường,"31",Thành phố Hải Phòng,2026-05-14
"10678",Phường Bắc An Phụ,,Phường,"31",Thành phố Hải Phòng,2026-05-14
"10705",Xã Nam An Phụ,,Xã,"31",Thành phố Hải Phòng,2026-05-14
"10714",Phường Nhị Chiểu,,Phường,"31",Thành phố Hải Phòng,2026-05-14
"10726",Phường Phạm Sư Mạnh,,Phường,"31",Thành phố Hải Phòng,2026-05-14
"10729",Phường Trần Liễu,,Phường,"31",Thành phố Hải Phòng,2026-05-14
"10744",Phường Nguyễn Đại Năng,,Phường,"31",Thành phố Hải Phòng,2026-05-14
"1075",Xã Nậm Dịch,,Xã,"8",Tỉnh Tuyên Quang,2026-05-14
"10750",Xã Phú Thái,,Xã,"31",Thành phố Hải Phòng,2026-05-14
"10756",Xã Lai Khê,,Xã,"31",Thành phố Hải Phòng,2026-05-14
"10792",Xã An Thành,,Xã,"31",Thành phố Hải Phòng,2026-05-14
"10804",Xã Kim Thành,,Xã,"31",Thành phố Hải Phòng,2026-05-14
"10813",Xã Thanh Hà,,Xã,"31",Thành phố Hải Phòng,2026-05-14
"10816",Xã Hà Bắc,,Xã,"31",Thành phố Hải Phòng,2026-05-14
"10837",Phường Nam Đồng,,Phường,"31",Thành phố Hải Phòng,2026-05-14
"1084",Xã Hồ Thầu,,Xã,"8",Tỉnh Tuyên Quang,2026-05-14
"10843",Xã Hà Nam,,Xã,"31",Thành phố Hải Phòng,2026-05-14
"10846",Xã Hà Tây,,Xã,"31",Thành phố Hải Phòng,2026-05-14
"10882",Xã Hà Đông,,Xã,"31",Thành phố Hải Phòng,2026-05-14
"10888",Xã Cẩm Giang,,Xã,"31",Thành phố Hải Phòng,2026-05-14
"10891",Phường Tứ Minh,,Phường,"31",Thành phố Hải Phòng,2026-05-14
"1090",Xã Thông Nguyên,,Xã,"8",Tỉnh Tuyên Quang,2026-05-14
"10903",Xã Cẩm Giàng,,Xã,"31",Thành phố Hải Phòng,2026-05-14
"10909",Xã Tuệ Tĩnh,,Xã,"31",Thành phố Hải Phòng,2026-05-14
"10930",Xã Mao Điền,,Xã,"31",Thành phố Hải Phòng,2026-05-14
"10945",Xã Kẻ Sặt,,Xã,"31",Thành phố Hải Phòng,2026-05-14
"1096",Xã Pà Vầy Sủ,,Xã,"8",Tỉnh Tuyên Quang,2026-05-14
"10966",Xã Bình Giang,,Xã,"31",Thành phố Hải Phòng,2026-05-14
"10972",Xã Đường An,,Xã,"31",Thành phố Hải Phòng,2026-05-14
"10993",Xã Thượng Hồng,,Xã,"31",Thành phố Hải Phòng,2026-05-14
"10999",Xã Gia Lộc,,Xã,"31",Thành phố Hải Phòng,2026-05-14
"11002",Phường Thạch Khôi,,Phường,"31",Thành phố Hải Phòng,2026-05-14
"11020",Xã Yết Kiêu,,Xã,"31",Thành phố Hải Phòng,2026-05-14
"11050",Xã Gia Phúc,,Xã,"31",Thành phố Hải Phòng,2026-05-14
"11065",Xã Trường Tân,,Xã,"31",Thành phố Hải Phòng,2026-05-14
"11074",Xã Tứ Kỳ,,Xã,"31",Thành phố Hải Phòng,2026-05-14
"1108",Xã Xín Mần,,Xã,"8",Tỉnh Tuyên Quang,2026-05-14
"11086",Xã Đại Sơn,,Xã,"31",Thành phố Hải Phòng,2026-05-14
"11113",Xã Tân Kỳ,,Xã,"31",Thành phố Hải Phòng,2026-05-14
"11131",Xã Chí Minh,,Xã,"31",Thành phố Hải Phòng,2026-05-14
"11140",Xã Lạc Phượng,,Xã,"31",Thành phố Hải Phòng,2026-05-14
"11146",Xã Nguyên Giáp,,Xã,"31",Thành phố Hải Phòng,2026-05-14
"11164",Xã Vĩnh Lại,,Xã,"31",Thành phố Hải Phòng,2026-05-14
"11167",Xã Tân An,,Xã,"31",Thành phố Hải Phòng,2026-05-14
"1117",Xã Trung Thịnh,,Xã,"8",Tỉnh Tuyên Quang,2026-05-14
"11203",Xã Ninh Giang,,Xã,"31",Thành phố Hải Phòng,2026-05-14
"11218",Xã Hồng Châu,,Xã,"31",Thành phố Hải Phòng,2026-05-14
"11224",Xã Khúc Thừa Dụ,,Xã,"31",Thành phố Hải Phòng,2026-05-14
"11239",Xã Thanh Miện,,Xã,"31",Thành phố Hải Phòng,2026-05-14
"11242",Xã Nguyễn Lương Bằng,,Xã,"31",Thành phố Hải Phòng,2026-05-14
"11254",Xã Bắc Thanh Miện,,Xã,"31",Thành phố Hải Phòng,2026-05-14
"11257",Xã Hải Hưng,,Xã,"31",Thành phố Hải Phòng,2026-05-14
"11284",Xã Nam Thanh Miện,,Xã,"31",Thành phố Hải Phòng,2026-05-14
"11311",Phường Hồng Bàng,,Phường,"31",Thành phố Hải Phòng,2026-05-14
"11329",Phường Ngô Quyền,,Phường,"31",Thành phố Hải Phòng,2026-05-14
"11359",Phường Gia Viên,,Phường,"31",Thành phố Hải Phòng,2026-05-14
"11383",Phường Lê Chân,,Phường,"31",Thành phố Hải Phòng,2026-05-14
"11407",Phường An Biên,,Phường,"31",Thành phố Hải Phòng,2026-05-14
"1141",Xã Nấm Dẩn,,Xã,"8",Tỉnh Tuyên Quang,2026-05-14
"11411",Phường Đông Hải,,Phường,"31",Thành phố Hải Phòng,2026-05-14
"11413",Phường Hải An,,Phường,"31",Thành phố Hải Phòng,2026-05-14
"1144",Xã Quảng Nguyên,,Xã,"8",Tỉnh Tuyên Quang,2026-05-14
"11443",Phường Kiến An,,Phường,"31",Thành phố Hải Phòng,2026-05-14
"11446",Phường Phù Liễn,,Phường,"31",Thành phố Hải Phòng,2026-05-14
"11455",Phường Đồ Sơn,,Phường,"31",Thành phố Hải Phòng,2026-05-14
"1147",Xã Khuôn Lùng,,Xã,"8",Tỉnh Tuyên Quang,2026-05-14
"11473",Phường Bạch Đằng,,Phường,"31",Thành phố Hải Phòng,2026-05-14
"11488",Phường Lưu Kiếm,,Phường,"31",Thành phố Hải Phòng,2026-05-14
"11503",Xã Việt Khê,,Xã,"31",Thành phố Hải Phòng,2026-05-14
"11506",Phường Lê Ích Mộc,,Phường,"31",Thành phố Hải Phòng,2026-05-14
"1153",Xã Bắc Quang,,Xã,"8",Tỉnh Tuyên Quang,2026-05-14
"11533",Phường Hòa Bình,,Phường,"31",Thành phố Hải Phòng,2026-05-14
"11542",Phường Nam Triệu,,Phường,"31",Thành phố Hải Phòng,2026-05-14
"11557",Phường Thiên Hương,,Phường,"31",Thành phố Hải Phòng,2026-05-14
"1156",Xã Vĩnh Tuy,,Xã,"8",Tỉnh Tuyên Quang,2026-05-14
"11560",Phường Thủy Nguyên,,Phường,"31",Thành phố Hải Phòng,2026-05-14
"11581",Phường An Dương,,Phường,"31",Thành phố Hải Phòng,2026-05-14
"11593",Phường An Phong,,Phường,"31",Thành phố Hải Phòng,2026-05-14
"11602",Phường Hồng An,,Phường,"31",Thành phố Hải Phòng,2026-05-14
"11617",Phường An Hải,,Phường,"31",Thành phố Hải Phòng,2026-05-14
"11629",Xã An Lão,,Xã,"31",Thành phố Hải Phòng,2026-05-14
"11635",Xã An Trường,,Xã,"31",Thành phố Hải Phòng,2026-05-14
"11647",Xã An Quang,,Xã,"31",Thành phố Hải Phòng,2026-05-14
"1165",Xã Đồng Tâm,,Xã,"8",Tỉnh Tuyên Quang,2026-05-14
"11668",Xã An Khánh,,Xã,"31",Thành phố Hải Phòng,2026-05-14
"11674",Xã An Hưng,,Xã,"31",Thành phố Hải Phòng,2026-05-14
"11680",Xã Kiến Thụy,,Xã,"31",Thành phố Hải Phòng,2026-05-14
"11689",Phường Hưng Đạo,,Phường,"31",Thành phố Hải Phòng,2026-05-14
"11692",Phường Dương Kinh,,Phường,"31",Thành phố Hải Phòng,2026-05-14
"1171",Xã Tân Quang,,Xã,"8",Tỉnh Tuyên Quang,2026-05-14
"11713",Xã Nghi Dương,,Xã,"31",Thành phố Hải Phòng,2026-05-14
"11725",Xã Kiến Minh,,Xã,"31",Thành phố Hải Phòng,2026-05-14
"11728",Xã Kiến Hưng,,Xã,"31",Thành phố Hải Phòng,2026-05-14
"11737",Phường Nam Đồ Sơn,,Phường,"31",Thành phố Hải Phòng,2026-05-14
"11749",Xã Kiến Hải,,Xã,"31",Thành phố Hải Phòng,2026-05-14
"11755",Xã Tiên Lãng,,Xã,"31",Thành phố Hải Phòng,2026-05-14
"11761",Xã Quyết Thắng,,Xã,"31",Thành phố Hải Phòng,2026-05-14
"11779",Xã Tân Minh,,Xã,"31",Thành phố Hải Phòng,2026-05-14
"11791",Xã Tiên Minh,,Xã,"31",Thành phố Hải Phòng,2026-05-14
"118",Phường Bồ Đề,,Phường,"1",Thành phố Hà Nội,2026-05-14
"1180",Xã Bằng Hành,,Xã,"8",Tỉnh Tuyên Quang,2026-05-14
"11806",Xã Chấn Hưng,,Xã,"31",Thành phố Hải Phòng,2026-05-14
"11809",Xã Hùng Thắng,,Xã,"31",Thành phố Hải Phòng,2026-05-14
"11824",Xã Vĩnh Bảo,,Xã,"31",Thành phố Hải Phòng,2026-05-14
"11836",Xã Vĩnh Thịnh,,Xã,"31",Thành phố Hải Phòng,2026-05-14
"11842",Xã Vĩnh Thuận,,Xã,"31",Thành phố Hải Phòng,2026-05-14
"11848",Xã Vĩnh Hòa,,Xã,"31",Thành phố Hải Phòng,2026-05-14
"11875",Xã Vĩnh Hải,,Xã,"31",Thành phố Hải Phòng,2026-05-14
"11887",Xã Vĩnh Am,,Xã,"31",Thành phố Hải Phòng,2026-05-14
"11911",Xã Nguyễn Bỉnh Khiêm,,Xã,"31",Thành phố Hải Phòng,2026-05-14
"11914",Đặc khu Cát Hải,,Đặc khu,"31",Thành phố Hải Phòng,2026-05-14
"1192",Xã Liên Hiệp,,Xã,"8",Tỉnh Tuyên Quang,2026-05-14
"11948",Đặc khu Bạch Long Vĩ,,Đặc khu,"31",Thành phố Hải Phòng,2026-05-14
"11953",Phường Phố Hiến,,Phường,"33",Tỉnh Hưng Yên,2026-05-14
"11977",Xã Tân Hưng,,Xã,"33",Tỉnh Hưng Yên,2026-05-14
"11980",Phường Hồng Châu,,Phường,"33",Tỉnh Hưng Yên,2026-05-14
"11983",Phường Sơn Nam,,Phường,"33",Tỉnh Hưng Yên,2026-05-14
"11992",Xã Lạc Đạo,,Xã,"33",Tỉnh Hưng Yên,2026-05-14
"11995",Xã Đại Đồng,,Xã,"33",Tỉnh Hưng Yên,2026-05-14
"12004",Xã Như Quỳnh,,Xã,"33",Tỉnh Hưng Yên,2026-05-14
"1201",Xã Hùng An,,Xã,"8",Tỉnh Tuyên Quang,2026-05-14
"12019",Xã Văn Giang,,Xã,"33",Tỉnh Hưng Yên,2026-05-14
"12025",Xã Phụng Công,,Xã,"33",Tỉnh Hưng Yên,2026-05-14
"12031",Xã Nghĩa Trụ,,Xã,"33",Tỉnh Hưng Yên,2026-05-14
"12049",Xã Mễ Sở,,Xã,"33",Tỉnh Hưng Yên,2026-05-14
"12064",Xã Nguyễn Văn Linh,,Xã,"33",Tỉnh Hưng Yên,2026-05-14
"12070",Xã Hoàn Long,,Xã,"33",Tỉnh Hưng Yên,2026-05-14
"12073",Xã Yên Mỹ,,Xã,"33",Tỉnh Hưng Yên,2026-05-14
"12091",Xã Việt Yên,,Xã,"33",Tỉnh Hưng Yên,2026-05-14
"12103",Phường Mỹ Hào,,Phường,"33",Tỉnh Hưng Yên,2026-05-14
"12127",Phường Thượng Hồng,,Phường,"33",Tỉnh Hưng Yên,2026-05-14
"12133",Phường Đường Hào,,Phường,"33",Tỉnh Hưng Yên,2026-05-14
"12142",Xã Ân Thi,,Xã,"33",Tỉnh Hưng Yên,2026-05-14
"12148",Xã Phạm Ngũ Lão,,Xã,"33",Tỉnh Hưng Yên,2026-05-14
"1216",Xã Đồng Yên,,Xã,"8",Tỉnh Tuyên Quang,2026-05-14
"12166",Xã Xuân Trúc,,Xã,"33",Tỉnh Hưng Yên,2026-05-14
"12184",Xã Nguyễn Trãi,,Xã,"33",Tỉnh Hưng Yên,2026-05-14
"12196",Xã Hồng Quang,,Xã,"33",Tỉnh Hưng Yên,2026-05-14
"12205",Xã Khoái Châu,,Xã,"33",Tỉnh Hưng Yên,2026-05-14
"12223",Xã Triệu Việt Vương,,Xã,"33",Tỉnh Hưng Yên,2026-05-14
"12238",Xã Việt Tiến,,Xã,"33",Tỉnh Hưng Yên,2026-05-14
"12247",Xã Châu Ninh,,Xã,"33",Tỉnh Hưng Yên,2026-05-14
"1225",Xã Tiên Nguyên,,Xã,"8",Tỉnh Tuyên Quang,2026-05-14
"12271",Xã Chí Minh,,Xã,"33",Tỉnh Hưng Yên,2026-05-14
"12280",Xã Lương Bằng,,Xã,"33",Tỉnh Hưng Yên,2026-05-14
"12286",Xã Nghĩa Dân,,Xã,"33",Tỉnh Hưng Yên,2026-05-14
"12313",Xã Đức Hợp,,Xã,"33",Tỉnh Hưng Yên,2026-05-14
"12322",Xã Hiệp Cường,,Xã,"33",Tỉnh Hưng Yên,2026-05-14
"12337",Xã Hoàng Hoa Thám,,Xã,"33",Tỉnh Hưng Yên,2026-05-14
"1234",Xã Yên Thành,,Xã,"8",Tỉnh Tuyên Quang,2026-05-14
"12361",Xã Tiên Hoa,,Xã,"33",Tỉnh Hưng Yên,2026-05-14
"12364",Xã Tiên Lữ,,Xã,"33",Tỉnh Hưng Yên,2026-05-14
"1237",Xã Quang Bình,,Xã,"8",Tỉnh Tuyên Quang,2026-05-14
"12391",Xã Quang Hưng,,Xã,"33",Tỉnh Hưng Yên,2026-05-14
"12406",Xã Đoàn Đào,,Xã,"33",Tỉnh Hưng Yên,2026-05-14
"12424",Xã Tiên Tiến,,Xã,"33",Tỉnh Hưng Yên,2026-05-14
"12427",Xã Tống Trân,,Xã,"33",Tỉnh Hưng Yên,2026-05-14
"1243",Xã Tân Trịnh,,Xã,"8",Tỉnh Tuyên Quang,2026-05-14
"12452",Phường Trần Hưng Đạo,,Phường,"33",Tỉnh Hưng Yên,2026-05-14
"12454",Phường Trần Lãm,,Phường,"33",Tỉnh Hưng Yên,2026-05-14
"1246",Xã Bằng Lang,,Xã,"8",Tỉnh Tuyên Quang,2026-05-14
"12466",Phường Vũ Phúc,,Phường,"33",Tỉnh Hưng Yên,2026-05-14
"12472",Xã Quỳnh Phụ,,Xã,"33",Tỉnh Hưng Yên,2026-05-14
"12499",Xã A Sào,,Xã,"33",Tỉnh Hưng Yên,2026-05-14
"12511",Xã Minh Thọ,,Xã,"33",Tỉnh Hưng Yên,2026-05-14
"12517",Xã Ngọc Lâm,,Xã,"33",Tỉnh Hưng Yên,2026-05-14
"12523",Xã Phụ Dực,An Bai town,Xã,"33",Tỉnh Hưng Yên,2026-05-14
"12526",Xã Đồng Bằng,,Xã,"33",Tỉnh Hưng Yên,2026-05-14
"12532",Xã Nguyễn Du,,Xã,"33",Tỉnh Hưng Yên,2026-05-14
"1255",Xã Xuân Giang,,Xã,"8",Tỉnh Tuyên Quang,2026-05-14
"12577",Xã Quỳnh An,,Xã,"33",Tỉnh Hưng Yên,2026-05-14
"12583",Xã Tân Tiến,,Xã,"33",Tỉnh Hưng Yên,2026-05-14
"12586",Xã Hưng Hà,,Xã,"33",Tỉnh Hưng Yên,2026-05-14
"12595",Xã Ngự Thiên,,Xã,"33",Tỉnh Hưng Yên,2026-05-14
"1261",Xã Tiên Yên,,Xã,"8",Tỉnh Tuyên Quang,2026-05-14
"12613",Xã Long Hưng,Hung Nhan town,Xã,"33",Tỉnh Hưng Yên,2026-05-14
"12619",Xã Diên Hà,,Xã,"33",Tỉnh Hưng Yên,2026-05-14
"12631",Xã Thần Khê,,Xã,"33",Tỉnh Hưng Yên,2026-05-14
"12634",Xã Tiên La,,Xã,"33",Tỉnh Hưng Yên,2026-05-14
"12676",Xã Lê Quý Đôn,,Xã,"33",Tỉnh Hưng Yên,2026-05-14
"12685",Xã Hồng Minh,,Xã,"33",Tỉnh Hưng Yên,2026-05-14
"12688",Xã Đông Hưng,,Xã,"33",Tỉnh Hưng Yên,2026-05-14
"12694",Xã Bắc Đông Hưng,,Xã,"33",Tỉnh Hưng Yên,2026-05-14
"127",Phường Việt Hưng,,Phường,"1",Thành phố Hà Nội,2026-05-14
"12700",Xã Bắc Tiên Hưng,,Xã,"33",Tỉnh Hưng Yên,2026-05-14
"1273",Phường Thục Phán,,Phường,"4",Tỉnh Cao Bằng,2026-05-14
"12736",Xã Đông Tiên Hưng,,Xã,"33",Tỉnh Hưng Yên,2026-05-14
"12745",Xã Bắc Đông Quan,,Xã,"33",Tỉnh Hưng Yên,2026-05-14
"12754",Xã Tiên Hưng,,Xã,"33",Tỉnh Hưng Yên,2026-05-14
"12763",Xã Nam Tiên Hưng,,Xã,"33",Tỉnh Hưng Yên,2026-05-14
"12775",Xã Nam Đông Hưng,,Xã,"33",Tỉnh Hưng Yên,2026-05-14
"1279",Phường Nùng Trí Cao,,Phường,"4",Tỉnh Cao Bằng,2026-05-14
"12793",Xã Đông Quan,,Xã,"33",Tỉnh Hưng Yên,2026-05-14
"12817",Phường Trà Lý,,Phường,"33",Tỉnh Hưng Yên,2026-05-14
"12826",Xã Thái Thụy,,Xã,"33",Tỉnh Hưng Yên,2026-05-14
"12850",Xã Tây Thụy Anh,,Xã,"33",Tỉnh Hưng Yên,2026-05-14
"12859",Xã Bắc Thụy Anh,,Xã,"33",Tỉnh Hưng Yên,2026-05-14
"12862",Xã Đông Thụy Anh,,Xã,"33",Tỉnh Hưng Yên,2026-05-14
"12865",Xã Thụy Anh,,Xã,"33",Tỉnh Hưng Yên,2026-05-14
"1288",Phường Tân Giang,,Phường,"4",Tỉnh Cao Bằng,2026-05-14
"1290",Xã Bảo Lâm,,Xã,"4",Tỉnh Cao Bằng,2026-05-14
"12904",Xã Nam Thụy Anh,,Xã,"33",Tỉnh Hưng Yên,2026-05-14
"12916",Xã Bắc Thái Ninh,,Xã,"33",Tỉnh Hưng Yên,2026-05-14
"12919",Xã Tây Thái Ninh,,Xã,"33",Tỉnh Hưng Yên,2026-05-14
"12922",Xã Thái Ninh,,Xã,"33",Tỉnh Hưng Yên,2026-05-14
"1294",Xã Lý Bôn,,Xã,"4",Tỉnh Cao Bằng,2026-05-14
"12943",Xã Đông Thái Ninh,,Xã,"33",Tỉnh Hưng Yên,2026-05-14
"12961",Xã Nam Thái Ninh,,Xã,"33",Tỉnh Hưng Yên,2026-05-14
"1297",Xã Nam Quang,,Xã,"4",Tỉnh Cao Bằng,2026-05-14
"12970",Xã Tiền Hải,,Xã,"33",Tỉnh Hưng Yên,2026-05-14
"12988",Xã Đông Tiền Hải,,Xã,"33",Tỉnh Hưng Yên,2026-05-14
"13003",Xã Đồng Châu,,Xã,"33",Tỉnh Hưng Yên,2026-05-14
"13021",Xã Ái Quốc,,Xã,"33",Tỉnh Hưng Yên,2026-05-14
"13039",Xã Tây Tiền Hải,,Xã,"33",Tỉnh Hưng Yên,2026-05-14
"1304",Xã Quảng Lâm,Thach Lam commune,Xã,"4",Tỉnh Cao Bằng,2026-05-14
"13057",Xã Nam Cường,,Xã,"33",Tỉnh Hưng Yên,2026-05-14
"13063",Xã Nam Tiền Hải,,Xã,"33",Tỉnh Hưng Yên,2026-05-14
"13066",Xã Hưng Phú,,Xã,"33",Tỉnh Hưng Yên,2026-05-14
"13075",Xã Kiến Xương,,Xã,"33",Tỉnh Hưng Yên,2026-05-14
"13093",Xã Trà Giang,,Xã,"33",Tỉnh Hưng Yên,2026-05-14
"13096",Xã Bình Nguyên,,Xã,"33",Tỉnh Hưng Yên,2026-05-14
"13120",Xã Lê Lợi,,Xã,"33",Tỉnh Hưng Yên,2026-05-14
"13132",Xã Quang Lịch,,Xã,"33",Tỉnh Hưng Yên,2026-05-14
"13141",Xã Vũ Quý,,Xã,"33",Tỉnh Hưng Yên,2026-05-14
"13159",Xã Hồng Vũ,,Xã,"33",Tỉnh Hưng Yên,2026-05-14
"1318",Xã Yên Thổ,,Xã,"4",Tỉnh Cao Bằng,2026-05-14
"13183",Xã Bình Thanh,,Xã,"33",Tỉnh Hưng Yên,2026-05-14
"13186",Xã Bình Định,,Xã,"33",Tỉnh Hưng Yên,2026-05-14
"13192",Xã Vũ Thư,,Xã,"33",Tỉnh Hưng Yên,2026-05-14
"1321",Xã Bảo Lạc,,Xã,"4",Tỉnh Cao Bằng,2026-05-14
"13219",Xã Vạn Xuân,,Xã,"33",Tỉnh Hưng Yên,2026-05-14
"13222",Xã Thư Trì,,Xã,"33",Tỉnh Hưng Yên,2026-05-14
"13225",Phường Thái Bình,,Phường,"33",Tỉnh Hưng Yên,2026-05-14
"1324",Xã Cốc Pàng,,Xã,"4",Tỉnh Cao Bằng,2026-05-14
"13246",Xã Tân Thuận,,Xã,"33",Tỉnh Hưng Yên,2026-05-14
"13264",Xã Thư Vũ,,Xã,"33",Tỉnh Hưng Yên,2026-05-14
"1327",Xã Cô Ba,,Xã,"4",Tỉnh Cao Bằng,2026-05-14
"13279",Xã Vũ Tiên,,Xã,"33",Tỉnh Hưng Yên,2026-05-14
"13285",Phường Phủ Lý,,Phường,"37",Tỉnh Ninh Bình,2026-05-14
"13291",Phường Phù Vân,,Phường,"37",Tỉnh Ninh Bình,2026-05-14
"13318",Phường Châu Sơn,,Phường,"37",Tỉnh Ninh Bình,2026-05-14
"13324",Phường Duy Tiên,,Phường,"37",Tỉnh Ninh Bình,2026-05-14
"13330",Phường Duy Tân,,Phường,"37",Tỉnh Ninh Bình,2026-05-14
"13336",Phường Duy Hà,,Phường,"37",Tỉnh Ninh Bình,2026-05-14
"13348",Phường Đồng Văn,,Phường,"37",Tỉnh Ninh Bình,2026-05-14
"1336",Xã Khánh Xuân,,Xã,"4",Tỉnh Cao Bằng,2026-05-14
"13363",Phường Tiên Sơn,,Phường,"37",Tỉnh Ninh Bình,2026-05-14
"13366",Phường Hà Nam,,Phường,"37",Tỉnh Ninh Bình,2026-05-14
"13384",Phường Kim Bảng,,Phường,"37",Tỉnh Ninh Bình,2026-05-14
"1339",Xã Xuân Trường,,Xã,"4",Tỉnh Cao Bằng,2026-05-14
"13393",Phường Lê Hồ,,Phường,"37",Tỉnh Ninh Bình,2026-05-14
"13396",Phường Nguyễn Uý,,Phường,"37",Tỉnh Ninh Bình,2026-05-14
"13402",Phường Kim Thanh,,Phường,"37",Tỉnh Ninh Bình,2026-05-14
"13420",Phường Tam Chúc,,Phường,"37",Tỉnh Ninh Bình,2026-05-14
"13435",Phường Lý Thường Kiệt,,Phường,"37",Tỉnh Ninh Bình,2026-05-14
"13444",Phường Liêm Tuyền,,Phường,"37",Tỉnh Ninh Bình,2026-05-14
"13456",Xã Liêm Hà,,Xã,"37",Tỉnh Ninh Bình,2026-05-14
"13474",Xã Tân Thanh,,Xã,"37",Tỉnh Ninh Bình,2026-05-14
"13483",Xã Thanh Bình,,Xã,"37",Tỉnh Ninh Bình,2026-05-14
"13489",Xã Thanh Lâm,,Xã,"37",Tỉnh Ninh Bình,2026-05-14
"13495",Xã Thanh Liêm,,Xã,"37",Tỉnh Ninh Bình,2026-05-14
"13501",Xã Bình Mỹ,,Xã,"37",Tỉnh Ninh Bình,2026-05-14
"13504",Xã Bình Lục,,Xã,"37",Tỉnh Ninh Bình,2026-05-14
"1351",Xã Hưng Đạo,,Xã,"4",Tỉnh Cao Bằng,2026-05-14
"13531",Xã Bình Giang,,Xã,"37",Tỉnh Ninh Bình,2026-05-14
"1354",Xã Huy Giáp,,Xã,"4",Tỉnh Cao Bằng,2026-05-14
"13540",Xã Bình An,,Xã,"37",Tỉnh Ninh Bình,2026-05-14
"13558",Xã Bình Sơn,,Xã,"37",Tỉnh Ninh Bình,2026-05-14
"13573",Xã Lý Nhân,,Xã,"37",Tỉnh Ninh Bình,2026-05-14
"13579",Xã Bắc Lý,,Xã,"37",Tỉnh Ninh Bình,2026-05-14
"13591",Xã Nam Xang,,Xã,"37",Tỉnh Ninh Bình,2026-05-14
"13594",Xã Trần Thương,,Xã,"37",Tỉnh Ninh Bình,2026-05-14
"13597",Xã Vĩnh Trụ,,Xã,"37",Tỉnh Ninh Bình,2026-05-14
"136",Phường Phúc Lợi,,Phường,"1",Thành phố Hà Nội,2026-05-14
"1360",Xã Sơn Lộ,,Xã,"4",Tỉnh Cao Bằng,2026-05-14
"13609",Xã Nhân Hà,,Xã,"37",Tỉnh Ninh Bình,2026-05-14
"13627",Xã Nam Lý,,Xã,"37",Tỉnh Ninh Bình,2026-05-14
"1363",Xã Thông Nông,,Xã,"4",Tỉnh Cao Bằng,2026-05-14
"1366",Xã Cần Yên,,Xã,"4",Tỉnh Cao Bằng,2026-05-14
"13669",Phường Nam Định,,Phường,"37",Tỉnh Ninh Bình,2026-05-14
"13684",Phường Thiên Trường,,Phường,"37",Tỉnh Ninh Bình,2026-05-14
"13693",Phường Đông A,,Phường,"37",Tỉnh Ninh Bình,2026-05-14
"13699",Phường Thành Nam,,Phường,"37",Tỉnh Ninh Bình,2026-05-14
"13708",Phường Mỹ Lộc,,Phường,"37",Tỉnh Ninh Bình,2026-05-14
"13741",Xã Vụ Bản,,Xã,"37",Tỉnh Ninh Bình,2026-05-14
"13750",Xã Minh Tân,,Xã,"37",Tỉnh Ninh Bình,2026-05-14
"13753",Xã Hiển Khánh,,Xã,"37",Tỉnh Ninh Bình,2026-05-14
"13777",Phường Trường Thi,,Phường,"37",Tỉnh Ninh Bình,2026-05-14
"13786",Xã Liên Minh,,Xã,"37",Tỉnh Ninh Bình,2026-05-14
"13795",Xã Ý Yên,,Xã,"37",Tỉnh Ninh Bình,2026-05-14
"13807",Xã Tân Minh,,Xã,"37",Tỉnh Ninh Bình,2026-05-14
"13822",Xã Phong Doanh,,Xã,"37",Tỉnh Ninh Bình,2026-05-14
"13834",Xã Vũ Dương,,Xã,"37",Tỉnh Ninh Bình,2026-05-14
"13864",Xã Vạn Thắng,,Xã,"37",Tỉnh Ninh Bình,2026-05-14
"1387",Xã Thanh Long,,Xã,"4",Tỉnh Cao Bằng,2026-05-14
"13870",Xã Yên Cường,,Xã,"37",Tỉnh Ninh Bình,2026-05-14
"13879",Xã Yên Đồng,,Xã,"37",Tỉnh Ninh Bình,2026-05-14
"13891",Xã Nghĩa Hưng,,Xã,"37",Tỉnh Ninh Bình,2026-05-14
"13894",Xã Rạng Đông,,Xã,"37",Tỉnh Ninh Bình,2026-05-14
"13900",Xã Đồng Thịnh,,Xã,"37",Tỉnh Ninh Bình,2026-05-14
"13918",Xã Nghĩa Sơn,,Xã,"37",Tỉnh Ninh Bình,2026-05-14
"1392",Xã Trường Hà,,Xã,"4",Tỉnh Cao Bằng,2026-05-14
"13927",Xã Hồng Phong,,Xã,"37",Tỉnh Ninh Bình,2026-05-14
"1393",Xã Lũng Nặm,,Xã,"4",Tỉnh Cao Bằng,2026-05-14
"13939",Xã Quỹ Nhất,,Xã,"37",Tỉnh Ninh Bình,2026-05-14
"13957",Xã Nghĩa Lâm,,Xã,"37",Tỉnh Ninh Bình,2026-05-14
"13966",Xã Nam Trực,,Xã,"37",Tỉnh Ninh Bình,2026-05-14
"13972",Phường Vị Khê,,Phường,"37",Tỉnh Ninh Bình,2026-05-14
"13984",Phường Hồng Quang,,Phường,"37",Tỉnh Ninh Bình,2026-05-14
"13987",Xã Nam Hồng,,Xã,"37",Tỉnh Ninh Bình,2026-05-14
"14005",Xã Nam Ninh,,Xã,"37",Tỉnh Ninh Bình,2026-05-14
"14011",Xã Nam Minh,,Xã,"37",Tỉnh Ninh Bình,2026-05-14
"14014",Xã Nam Đồng,,Xã,"37",Tỉnh Ninh Bình,2026-05-14
"14026",Xã Cổ Lễ,,Xã,"37",Tỉnh Ninh Bình,2026-05-14
"14038",Xã Ninh Giang,,Xã,"37",Tỉnh Ninh Bình,2026-05-14
"14053",Xã Trực Ninh,,Xã,"37",Tỉnh Ninh Bình,2026-05-14
"14056",Xã Cát Thành,Cat Thanh town,Xã,"37",Tỉnh Ninh Bình,2026-05-14
"14062",Xã Quang Hưng,,Xã,"37",Tỉnh Ninh Bình,2026-05-14
"14071",Xã Minh Thái,,Xã,"37",Tỉnh Ninh Bình,2026-05-14
"14077",Xã Ninh Cường,,Xã,"37",Tỉnh Ninh Bình,2026-05-14
"14089",Xã Xuân Trường,,Xã,"37",Tỉnh Ninh Bình,2026-05-14
"14095",Xã Xuân Hồng,,Xã,"37",Tỉnh Ninh Bình,2026-05-14
"14104",Xã Xuân Giang,,Xã,"37",Tỉnh Ninh Bình,2026-05-14
"14122",Xã Xuân Hưng,,Xã,"37",Tỉnh Ninh Bình,2026-05-14
"1414",Xã Tổng Cọt,,Xã,"4",Tỉnh Cao Bằng,2026-05-14
"14161",Xã Giao Minh,,Xã,"37",Tỉnh Ninh Bình,2026-05-14
"14167",Xã Giao Thuỷ,,Xã,"37",Tỉnh Ninh Bình,2026-05-14
"14179",Xã Giao Hưng,,Xã,"37",Tỉnh Ninh Bình,2026-05-14
"14182",Xã Giao Hoà,,Xã,"37",Tỉnh Ninh Bình,2026-05-14
"14194",Xã Giao Bình,,Xã,"37",Tỉnh Ninh Bình,2026-05-14
"14203",Xã Giao Phúc,,Xã,"37",Tỉnh Ninh Bình,2026-05-14
"14212",Xã Giao Ninh,,Xã,"37",Tỉnh Ninh Bình,2026-05-14
"14215",Xã Hải Hậu,,Xã,"37",Tỉnh Ninh Bình,2026-05-14
"14218",Xã Hải Tiến,,Xã,"37",Tỉnh Ninh Bình,2026-05-14
"14221",Xã Hải Thịnh,,Xã,"37",Tỉnh Ninh Bình,2026-05-14
"14236",Xã Hải Anh,,Xã,"37",Tỉnh Ninh Bình,2026-05-14
"14248",Xã Hải Hưng,,Xã,"37",Tỉnh Ninh Bình,2026-05-14
"14281",Xã Hải An,,Xã,"37",Tỉnh Ninh Bình,2026-05-14
"14287",Xã Hải Quang,,Xã,"37",Tỉnh Ninh Bình,2026-05-14
"14308",Xã Hải Xuân,,Xã,"37",Tỉnh Ninh Bình,2026-05-14
"14329",Phường Hoa Lư,,Phường,"37",Tỉnh Ninh Bình,2026-05-14
"14359",Phường Nam Hoa Lư,,Phường,"37",Tỉnh Ninh Bình,2026-05-14
"14362",Phường Tam Điệp,,Phường,"37",Tỉnh Ninh Bình,2026-05-14
"14365",Phường Trung Sơn,,Phường,"37",Tỉnh Ninh Bình,2026-05-14
"14371",Phường Yên Sơn,,Phường,"37",Tỉnh Ninh Bình,2026-05-14
"1438",Xã Hà Quảng,,Xã,"4",Tỉnh Cao Bằng,2026-05-14
"14389",Xã Gia Lâm,,Xã,"37",Tỉnh Ninh Bình,2026-05-14
"14401",Xã Gia Tường,,Xã,"37",Tỉnh Ninh Bình,2026-05-14
"14404",Xã Cúc Phương,,Xã,"37",Tỉnh Ninh Bình,2026-05-14
"14407",Xã Phú Sơn,,Xã,"37",Tỉnh Ninh Bình,2026-05-14
"14428",Xã Nho Quan,,Xã,"37",Tỉnh Ninh Bình,2026-05-14
"14434",Xã Thanh Sơn,,Xã,"37",Tỉnh Ninh Bình,2026-05-14
"14452",Xã Quỳnh Lưu,,Xã,"37",Tỉnh Ninh Bình,2026-05-14
"14458",Xã Phú Long,,Xã,"37",Tỉnh Ninh Bình,2026-05-14
"14464",Xã Gia Viễn,,Xã,"37",Tỉnh Ninh Bình,2026-05-14
"1447",Xã Trà Lĩnh,,Xã,"4",Tỉnh Cao Bằng,2026-05-14
"14482",Xã Gia Hưng,,Xã,"37",Tỉnh Ninh Bình,2026-05-14
"14488",Xã Gia Vân,,Xã,"37",Tỉnh Ninh Bình,2026-05-14
"14494",Xã Gia Trấn,,Xã,"37",Tỉnh Ninh Bình,2026-05-14
"145",Phường Long Biên,,Phường,"1",Thành phố Hà Nội,2026-05-14
"14500",Xã Đại Hoàng,,Xã,"37",Tỉnh Ninh Bình,2026-05-14
"14524",Xã Gia Phong,,Xã,"37",Tỉnh Ninh Bình,2026-05-14
"14533",Phường Tây Hoa Lư,,Phường,"37",Tỉnh Ninh Bình,2026-05-14
"1456",Xã Quang Hán,,Xã,"4",Tỉnh Cao Bằng,2026-05-14
"14560",Xã Yên Khánh,,Xã,"37",Tỉnh Ninh Bình,2026-05-14
"14563",Xã Khánh Thiện,,Xã,"37",Tỉnh Ninh Bình,2026-05-14
"14566",Phường Đông Hoa Lư,,Phường,"37",Tỉnh Ninh Bình,2026-05-14
"14608",Xã Khánh Trung,,Xã,"37",Tỉnh Ninh Bình,2026-05-14
"14611",Xã Khánh Nhạc,,Xã,"37",Tỉnh Ninh Bình,2026-05-14
"14614",Xã Khánh Hội,,Xã,"37",Tỉnh Ninh Bình,2026-05-14
"14620",Xã Phát Diệm,,Xã,"37",Tỉnh Ninh Bình,2026-05-14
"14623",Xã Bình Minh,,Xã,"37",Tỉnh Ninh Bình,2026-05-14
"14638",Xã Kim Sơn,,Xã,"37",Tỉnh Ninh Bình,2026-05-14
"14647",Xã Quang Thiện,,Xã,"37",Tỉnh Ninh Bình,2026-05-14
"1465",Xã Quang Trung,,Xã,"4",Tỉnh Cao Bằng,2026-05-14
"14653",Xã Chất Bình,,Xã,"37",Tỉnh Ninh Bình,2026-05-14
"14674",Xã Lai Thành,,Xã,"37",Tỉnh Ninh Bình,2026-05-14
"14677",Xã Định Hóa,,Xã,"37",Tỉnh Ninh Bình,2026-05-14
"14698",Xã Kim Đông,,Xã,"37",Tỉnh Ninh Bình,2026-05-14
"14701",Xã Yên Mô,,Xã,"37",Tỉnh Ninh Bình,2026-05-14
"14725",Phường Yên Thắng,,Phường,"37",Tỉnh Ninh Bình,2026-05-14
"14728",Xã Yên Từ,,Xã,"37",Tỉnh Ninh Bình,2026-05-14
"14743",Xã Yên Mạc,,Xã,"37",Tỉnh Ninh Bình,2026-05-14
"14746",Xã Đồng Thái,,Xã,"37",Tỉnh Ninh Bình,2026-05-14
"14758",Phường Hàm Rồng,,Phường,"38",Tỉnh Thanh Hóa,2026-05-14
"1477",Xã Trùng Khánh,,Xã,"4",Tỉnh Cao Bằng,2026-05-14
"14797",Phường Hạc Thành,,Phường,"38",Tỉnh Thanh Hóa,2026-05-14
"14812",Phường Bỉm Sơn,,Phường,"38",Tỉnh Thanh Hóa,2026-05-14
"14818",Phường Quang Trung,,Phường,"38",Tỉnh Thanh Hóa,2026-05-14
"14845",Xã Mường Lát,,Xã,"38",Tỉnh Thanh Hóa,2026-05-14
"14848",Xã Tam Chung,,Xã,"38",Tỉnh Thanh Hóa,2026-05-14
"14854",Xã Mường Lý,,Xã,"38",Tỉnh Thanh Hóa,2026-05-14
"14857",Xã Trung Lý,,Xã,"38",Tỉnh Thanh Hóa,2026-05-14
"14860",Xã Quang Chiểu,,Xã,"38",Tỉnh Thanh Hóa,2026-05-14
"14863",Xã Pù Nhi,,Xã,"38",Tỉnh Thanh Hóa,2026-05-14
"14864",Xã Nhi Sơn,,Xã,"38",Tỉnh Thanh Hóa,2026-05-14
"14866",Xã Mường Chanh,,Xã,"38",Tỉnh Thanh Hóa,2026-05-14
"14869",Xã Hồi Xuân,,Xã,"38",Tỉnh Thanh Hóa,2026-05-14
"14872",Xã Trung Thành,,Xã,"38",Tỉnh Thanh Hóa,2026-05-14
"14875",Xã Trung Sơn,,Xã,"38",Tỉnh Thanh Hóa,2026-05-14
"14878",Xã Phú Lệ,,Xã,"38",Tỉnh Thanh Hóa,2026-05-14
"1489",Xã Đình Phong,,Xã,"4",Tỉnh Cao Bằng,2026-05-14
"14890",Xã Phú Xuân,,Xã,"38",Tỉnh Thanh Hóa,2026-05-14
"14896",Xã Hiền Kiệt,,Xã,"38",Tỉnh Thanh Hóa,2026-05-14
"14902",Xã Nam Xuân,,Xã,"38",Tỉnh Thanh Hóa,2026-05-14
"14908",Xã Thiên Phủ,,Xã,"38",Tỉnh Thanh Hóa,2026-05-14
"14923",Xã Bá Thước,,Xã,"38",Tỉnh Thanh Hóa,2026-05-14
"14932",Xã Điền Quang,,Xã,"38",Tỉnh Thanh Hóa,2026-05-14
"14950",Xã Điền Lư,,Xã,"38",Tỉnh Thanh Hóa,2026-05-14
"14953",Xã Quý Lương,,Xã,"38",Tỉnh Thanh Hóa,2026-05-14
"14956",Xã Pù Luông,,Xã,"38",Tỉnh Thanh Hóa,2026-05-14
"14959",Xã Cổ Lũng,,Xã,"38",Tỉnh Thanh Hóa,2026-05-14
"14974",Xã Văn Nho,,Xã,"38",Tỉnh Thanh Hóa,2026-05-14
"14980",Xã Thiết Ống,,Xã,"38",Tỉnh Thanh Hóa,2026-05-14
"15001",Xã Trung Hạ,,Xã,"38",Tỉnh Thanh Hóa,2026-05-14
"15007",Xã Tam Thanh,,Xã,"38",Tỉnh Thanh Hóa,2026-05-14
"1501",Xã Đàm Thủy,,Xã,"4",Tỉnh Cao Bằng,2026-05-14
"15010",Xã Sơn Thủy,,Xã,"38",Tỉnh Thanh Hóa,2026-05-14
"15013",Xã Na Mèo,,Xã,"38",Tỉnh Thanh Hóa,2026-05-14
"15016",Xã Quan Sơn,,Xã,"38",Tỉnh Thanh Hóa,2026-05-14
"15019",Xã Tam Lư,,Xã,"38",Tỉnh Thanh Hóa,2026-05-14
"15022",Xã Sơn Điện,,Xã,"38",Tỉnh Thanh Hóa,2026-05-14
"15025",Xã Mường Mìn,,Xã,"38",Tỉnh Thanh Hóa,2026-05-14
"15031",Xã Yên Khương,,Xã,"38",Tỉnh Thanh Hóa,2026-05-14
"15034",Xã Yên Thắng,,Xã,"38",Tỉnh Thanh Hóa,2026-05-14
"15043",Xã Giao An,,Xã,"38",Tỉnh Thanh Hóa,2026-05-14
"15049",Xã Văn Phú,,Xã,"38",Tỉnh Thanh Hóa,2026-05-14
"15055",Xã Linh Sơn,,Xã,"38",Tỉnh Thanh Hóa,2026-05-14
"15058",Xã Đồng Lương,,Xã,"38",Tỉnh Thanh Hóa,2026-05-14
"15061",Xã Ngọc Lặc,,Xã,"38",Tỉnh Thanh Hóa,2026-05-14
"15085",Xã Thạch Lập,,Xã,"38",Tỉnh Thanh Hóa,2026-05-14
"15091",Xã Ngọc Liên,,Xã,"38",Tỉnh Thanh Hóa,2026-05-14
"15106",Xã Nguyệt Ấn,,Xã,"38",Tỉnh Thanh Hóa,2026-05-14
"15112",Xã Kiên Thọ,,Xã,"38",Tỉnh Thanh Hóa,2026-05-14
"15124",Xã Minh Sơn,,Xã,"38",Tỉnh Thanh Hóa,2026-05-14
"15127",Xã Cẩm Thủy,,Xã,"38",Tỉnh Thanh Hóa,2026-05-14
"15142",Xã Cẩm Thạch,,Xã,"38",Tỉnh Thanh Hóa,2026-05-14
"15148",Xã Cẩm Tú,,Xã,"38",Tỉnh Thanh Hóa,2026-05-14
"15163",Xã Cẩm Vân,,Xã,"38",Tỉnh Thanh Hóa,2026-05-14
"15178",Xã Cẩm Tân,,Xã,"38",Tỉnh Thanh Hóa,2026-05-14
"15187",Xã Kim Tân,,Xã,"38",Tỉnh Thanh Hóa,2026-05-14
"15190",Xã Vân Du,,Xã,"38",Tỉnh Thanh Hóa,2026-05-14
"15199",Xã Thạch Quảng,,Xã,"38",Tỉnh Thanh Hóa,2026-05-14
"15211",Xã Thạch Bình,,Xã,"38",Tỉnh Thanh Hóa,2026-05-14
"15229",Xã Thành Vinh,,Xã,"38",Tỉnh Thanh Hóa,2026-05-14
"1525",Xã Đoài Dương,,Xã,"4",Tỉnh Cao Bằng,2026-05-14
"15250",Xã Ngọc Trạo,,Xã,"38",Tỉnh Thanh Hóa,2026-05-14
"15271",Xã Hà Trung,,Xã,"38",Tỉnh Thanh Hóa,2026-05-14
"15274",Xã Hà Long,,Xã,"38",Tỉnh Thanh Hóa,2026-05-14
"15286",Xã Hoạt Giang,,Xã,"38",Tỉnh Thanh Hóa,2026-05-14
"15298",Xã Lĩnh Toại,,Xã,"38",Tỉnh Thanh Hóa,2026-05-14
"15316",Xã Tống Sơn,,Xã,"38",Tỉnh Thanh Hóa,2026-05-14
"15349",Xã Vĩnh Lộc,,Xã,"38",Tỉnh Thanh Hóa,2026-05-14
"15361",Xã Tây Đô,,Xã,"38",Tỉnh Thanh Hóa,2026-05-14
"1537",Xã Lý Quốc,,Xã,"4",Tỉnh Cao Bằng,2026-05-14
"15382",Xã Biện Thượng,,Xã,"38",Tỉnh Thanh Hóa,2026-05-14
"15409",Xã Yên Phú,,Xã,"38",Tỉnh Thanh Hóa,2026-05-14
"15412",Xã Quý Lộc,,Xã,"38",Tỉnh Thanh Hóa,2026-05-14
"15421",Xã Yên Trường,,Xã,"38",Tỉnh Thanh Hóa,2026-05-14
"15442",Xã Yên Ninh,,Xã,"38",Tỉnh Thanh Hóa,2026-05-14
"15448",Xã Định Hòa,,Xã,"38",Tỉnh Thanh Hóa,2026-05-14
"15457",Xã Định Tân,,Xã,"38",Tỉnh Thanh Hóa,2026-05-14
"15469",Xã Yên Định,,Xã,"38",Tỉnh Thanh Hóa,2026-05-14
"15499",Xã Thọ Xuân,,Xã,"38",Tỉnh Thanh Hóa,2026-05-14
"15505",Xã Thọ Long,,Xã,"38",Tỉnh Thanh Hóa,2026-05-14
"1552",Xã Quang Long,,Xã,"4",Tỉnh Cao Bằng,2026-05-14
"15520",Xã Xuân Hòa,,Xã,"38",Tỉnh Thanh Hóa,2026-05-14
"15544",Xã Lam Sơn,,Xã,"38",Tỉnh Thanh Hóa,2026-05-14
"15553",Xã Sao Vàng,,Xã,"38",Tỉnh Thanh Hóa,2026-05-14
"15568",Xã Thọ Lập,,Xã,"38",Tỉnh Thanh Hóa,2026-05-14
"15574",Xã Xuân Tín,,Xã,"38",Tỉnh Thanh Hóa,2026-05-14
"1558",Xã Hạ Lang,,Xã,"4",Tỉnh Cao Bằng,2026-05-14
"15592",Xã Xuân Lập,,Xã,"38",Tỉnh Thanh Hóa,2026-05-14
"15607",Xã Bát Mọt,,Xã,"38",Tỉnh Thanh Hóa,2026-05-14
"1561",Xã Vinh Quý,,Xã,"4",Tỉnh Cao Bằng,2026-05-14
"15610",Xã Yên Nhân,,Xã,"38",Tỉnh Thanh Hóa,2026-05-14
"15622",Xã Vạn Xuân,,Xã,"38",Tỉnh Thanh Hóa,2026-05-14
"15628",Xã Lương Sơn,,Xã,"38",Tỉnh Thanh Hóa,2026-05-14
"15634",Xã Luận Thành,,Xã,"38",Tỉnh Thanh Hóa,2026-05-14
"15643",Xã Thắng Lộc,,Xã,"38",Tỉnh Thanh Hóa,2026-05-14
"15646",Xã Thường Xuân,,Xã,"38",Tỉnh Thanh Hóa,2026-05-14
"15658",Xã Xuân Chinh,,Xã,"38",Tỉnh Thanh Hóa,2026-05-14
"15661",Xã Tân Thành,,Xã,"38",Tỉnh Thanh Hóa,2026-05-14
"15664",Xã Triệu Sơn,,Xã,"38",Tỉnh Thanh Hóa,2026-05-14
"15667",Xã Thọ Bình,,Xã,"38",Tỉnh Thanh Hóa,2026-05-14
"15682",Xã Hợp Tiến,,Xã,"38",Tỉnh Thanh Hóa,2026-05-14
"15715",Xã Tân Ninh,,Xã,"38",Tỉnh Thanh Hóa,2026-05-14
"15724",Xã Đồng Tiến,,Xã,"38",Tỉnh Thanh Hóa,2026-05-14
"15754",Xã Thọ Ngọc,,Xã,"38",Tỉnh Thanh Hóa,2026-05-14
"1576",Xã Quảng Uyên,,Xã,"4",Tỉnh Cao Bằng,2026-05-14
"15763",Xã Thọ Phú,,Xã,"38",Tỉnh Thanh Hóa,2026-05-14
"15766",Xã An Nông,,Xã,"38",Tỉnh Thanh Hóa,2026-05-14
"15772",Xã Thiệu Hóa,,Xã,"38",Tỉnh Thanh Hóa,2026-05-14
"15778",Xã Thiệu Tiến,,Xã,"38",Tỉnh Thanh Hóa,2026-05-14
"15796",Xã Thiệu Quang,,Xã,"38",Tỉnh Thanh Hóa,2026-05-14
"15820",Xã Thiệu Toán,,Xã,"38",Tỉnh Thanh Hóa,2026-05-14
"15835",Xã Thiệu Trung,,Xã,"38",Tỉnh Thanh Hóa,2026-05-14
"15853",Phường Đông Tiến,,Phường,"38",Tỉnh Thanh Hóa,2026-05-14
"15865",Xã Hoằng Hóa,,Xã,"38",Tỉnh Thanh Hóa,2026-05-14
"15880",Xã Hoằng Giang,,Xã,"38",Tỉnh Thanh Hóa,2026-05-14
"15889",Xã Hoằng Phú,,Xã,"38",Tỉnh Thanh Hóa,2026-05-14
"15910",Xã Hoằng Sơn,,Xã,"38",Tỉnh Thanh Hóa,2026-05-14
"15925",Phường Nguyệt Viên,,Phường,"38",Tỉnh Thanh Hóa,2026-05-14
"1594",Xã Độc Lập,,Xã,"4",Tỉnh Cao Bằng,2026-05-14
"15961",Xã Hoằng Lộc,,Xã,"38",Tỉnh Thanh Hóa,2026-05-14
"15976",Xã Hoằng Châu,,Xã,"38",Tỉnh Thanh Hóa,2026-05-14
"15991",Xã Hoằng Tiến,,Xã,"38",Tỉnh Thanh Hóa,2026-05-14
"160",Phường Nghĩa Đô,,Phường,"1",Thành phố Hà Nội,2026-05-14
"16000",Xã Hoằng Thanh,,Xã,"38",Tỉnh Thanh Hóa,2026-05-14
"16012",Xã Hậu Lộc,,Xã,"38",Tỉnh Thanh Hóa,2026-05-14
"16021",Xã Triệu Lộc,,Xã,"38",Tỉnh Thanh Hóa,2026-05-14
"16033",Xã Đông Thành,,Xã,"38",Tỉnh Thanh Hóa,2026-05-14
"16072",Xã Hoa Lộc,,Xã,"38",Tỉnh Thanh Hóa,2026-05-14
"16078",Xã Vạn Lộc,,Xã,"38",Tỉnh Thanh Hóa,2026-05-14
"16093",Xã Nga Sơn,,Xã,"38",Tỉnh Thanh Hóa,2026-05-14
"16108",Xã Tân Tiến,,Xã,"38",Tỉnh Thanh Hóa,2026-05-14
"16114",Xã Nga Thắng,,Xã,"38",Tỉnh Thanh Hóa,2026-05-14
"16138",Xã Hồ Vương,,Xã,"38",Tỉnh Thanh Hóa,2026-05-14
"16144",Xã Nga An,,Xã,"38",Tỉnh Thanh Hóa,2026-05-14
"16171",Xã Ba Đình,,Xã,"38",Tỉnh Thanh Hóa,2026-05-14
"16174",Xã Như Xuân,,Xã,"38",Tỉnh Thanh Hóa,2026-05-14
"16177",Xã Xuân Bình,,Xã,"38",Tỉnh Thanh Hóa,2026-05-14
"1618",Xã Hạnh Phúc,,Xã,"4",Tỉnh Cao Bằng,2026-05-14
"16186",Xã Hóa Quỳ,,Xã,"38",Tỉnh Thanh Hóa,2026-05-14
"16213",Xã Thanh Phong,,Xã,"38",Tỉnh Thanh Hóa,2026-05-14
"16222",Xã Thanh Quân,,Xã,"38",Tỉnh Thanh Hóa,2026-05-14
"16225",Xã Thượng Ninh,,Xã,"38",Tỉnh Thanh Hóa,2026-05-14
"16228",Xã Như Thanh,,Xã,"38",Tỉnh Thanh Hóa,2026-05-14
"16234",Xã Xuân Du,,Xã,"38",Tỉnh Thanh Hóa,2026-05-14
"16249",Xã Mậu Lâm,,Xã,"38",Tỉnh Thanh Hóa,2026-05-14
"16258",Xã Xuân Thái,,Xã,"38",Tỉnh Thanh Hóa,2026-05-14
"16264",Xã Yên Thọ,,Xã,"38",Tỉnh Thanh Hóa,2026-05-14
"16273",Xã Thanh Kỳ,,Xã,"38",Tỉnh Thanh Hóa,2026-05-14
"16279",Xã Nông Cống,,Xã,"38",Tỉnh Thanh Hóa,2026-05-14
"16297",Xã Trung Chính,,Xã,"38",Tỉnh Thanh Hóa,2026-05-14
"16309",Xã Thắng Lợi,,Xã,"38",Tỉnh Thanh Hóa,2026-05-14
"16342",Xã Thăng Bình,,Xã,"38",Tỉnh Thanh Hóa,2026-05-14
"16348",Xã Trường Văn,,Xã,"38",Tỉnh Thanh Hóa,2026-05-14
"1636",Xã Bế Văn Đàn,,Xã,"4",Tỉnh Cao Bằng,2026-05-14
"16363",Xã Tượng Lĩnh,,Xã,"38",Tỉnh Thanh Hóa,2026-05-14
"16369",Xã Công Chính,,Xã,"38",Tỉnh Thanh Hóa,2026-05-14
"16378",Phường Đông Sơn,,Phường,"38",Tỉnh Thanh Hóa,2026-05-14
"16417",Phường Đông Quang,,Phường,"38",Tỉnh Thanh Hóa,2026-05-14
"16438",Xã Lưu Vệ,,Xã,"38",Tỉnh Thanh Hóa,2026-05-14
"1648",Xã Phục Hòa,,Xã,"4",Tỉnh Cao Bằng,2026-05-14
"16480",Xã Quảng Yên,,Xã,"38",Tỉnh Thanh Hóa,2026-05-14
"16489",Xã Quảng Chính,,Xã,"38",Tỉnh Thanh Hóa,2026-05-14
"16498",Xã Quảng Ngọc,,Xã,"38",Tỉnh Thanh Hóa,2026-05-14
"16516",Phường Nam Sầm Sơn,,Phường,"38",Tỉnh Thanh Hóa,2026-05-14
"16522",Phường Quảng Phú,,Phường,"38",Tỉnh Thanh Hóa,2026-05-14
"16531",Phường Sầm Sơn,,Phường,"38",Tỉnh Thanh Hóa,2026-05-14
"1654",Xã Hòa An,,Xã,"4",Tỉnh Cao Bằng,2026-05-14
"16540",Xã Quảng Ninh,,Xã,"38",Tỉnh Thanh Hóa,2026-05-14
"16543",Xã Quảng Bình,,Xã,"38",Tỉnh Thanh Hóa,2026-05-14
"16549",Xã Tiên Trang,,Xã,"38",Tỉnh Thanh Hóa,2026-05-14
"16561",Phường Tĩnh Gia,,Phường,"38",Tỉnh Thanh Hóa,2026-05-14
"16576",Phường Ngọc Sơn,,Phường,"38",Tỉnh Thanh Hóa,2026-05-14
"16591",Xã Các Sơn,,Xã,"38",Tỉnh Thanh Hóa,2026-05-14
"16594",Phường Tân Dân,,Phường,"38",Tỉnh Thanh Hóa,2026-05-14
"16597",Phường Hải Lĩnh,,Phường,"38",Tỉnh Thanh Hóa,2026-05-14
"166",Phường Cầu Giấy,,Phường,"1",Thành phố Hà Nội,2026-05-14
"1660",Xã Nam Tuấn,,Xã,"4",Tỉnh Cao Bằng,2026-05-14
"16609",Phường Đào Duy Từ,,Phường,"38",Tỉnh Thanh Hóa,2026-05-14
"16624",Phường Trúc Lâm,,Phường,"38",Tỉnh Thanh Hóa,2026-05-14
"16636",Xã Trường Lâm,,Xã,"38",Tỉnh Thanh Hóa,2026-05-14
"16645",Phường Hải Bình,,Phường,"38",Tỉnh Thanh Hóa,2026-05-14
"16654",Phường Nghi Sơn,,Phường,"38",Tỉnh Thanh Hóa,2026-05-14
"16681",Phường Thành Vinh,,Phường,"40",Tỉnh Nghệ An,2026-05-14
"16690",Phường Trường Vinh,,Phường,"40",Tỉnh Nghệ An,2026-05-14
"16702",Phường Vinh Phú,,Phường,"40",Tỉnh Nghệ An,2026-05-14
"16708",Phường Vinh Lộc,,Phường,"40",Tỉnh Nghệ An,2026-05-14
"16732",Phường Cửa Lò,,Phường,"40",Tỉnh Nghệ An,2026-05-14
"16738",Xã Quế Phong,,Xã,"40",Tỉnh Nghệ An,2026-05-14
"16744",Xã Thông Thụ,,Xã,"40",Tỉnh Nghệ An,2026-05-14
"16750",Xã Tiền Phong,,Xã,"40",Tỉnh Nghệ An,2026-05-14
"16756",Xã Tri Lễ,,Xã,"40",Tỉnh Nghệ An,2026-05-14
"16774",Xã Mường Quàng,,Xã,"40",Tỉnh Nghệ An,2026-05-14
"16777",Xã Quỳ Châu,,Xã,"40",Tỉnh Nghệ An,2026-05-14
"16792",Xã Châu Tiến,,Xã,"40",Tỉnh Nghệ An,2026-05-14
"16801",Xã Hùng Chân,,Xã,"40",Tỉnh Nghệ An,2026-05-14
"16804",Xã Châu Bình,,Xã,"40",Tỉnh Nghệ An,2026-05-14
"16813",Xã Mường Xén,,Xã,"40",Tỉnh Nghệ An,2026-05-14
"16816",Xã Mỹ Lý,,Xã,"40",Tỉnh Nghệ An,2026-05-14
"16819",Xã Bắc Lý,,Xã,"40",Tỉnh Nghệ An,2026-05-14
"16822",Xã Keng Đu,,Xã,"40",Tỉnh Nghệ An,2026-05-14
"16828",Xã Huồi Tụ,,Xã,"40",Tỉnh Nghệ An,2026-05-14
"16831",Xã Mường Lống,,Xã,"40",Tỉnh Nghệ An,2026-05-14
"16834",Xã Na Loi,,Xã,"40",Tỉnh Nghệ An,2026-05-14
"16837",Xã Nậm Cắn,,Xã,"40",Tỉnh Nghệ An,2026-05-14
"16849",Xã Hữu Kiệm,,Xã,"40",Tỉnh Nghệ An,2026-05-14
"16855",Xã Chiêu Lưu,,Xã,"40",Tỉnh Nghệ An,2026-05-14
"16858",Xã Mường Típ,,Xã,"40",Tỉnh Nghệ An,2026-05-14
"16870",Xã Na Ngoi,,Xã,"40",Tỉnh Nghệ An,2026-05-14
"16876",Xã Tương Dương,,Xã,"40",Tỉnh Nghệ An,2026-05-14
"16882",Xã Nhôn Mai,,Xã,"40",Tỉnh Nghệ An,2026-05-14
"16885",Xã Hữu Khuông,,Xã,"40",Tỉnh Nghệ An,2026-05-14
"16903",Xã Nga My,,Xã,"40",Tỉnh Nghệ An,2026-05-14
"16906",Xã Lượng Minh,,Xã,"40",Tỉnh Nghệ An,2026-05-14
"16909",Xã Yên Hòa,,Xã,"40",Tỉnh Nghệ An,2026-05-14
"16912",Xã Yên Na,,Xã,"40",Tỉnh Nghệ An,2026-05-14
"16933",Xã Tam Quang,,Xã,"40",Tỉnh Nghệ An,2026-05-14
"16936",Xã Tam Thái,,Xã,"40",Tỉnh Nghệ An,2026-05-14
"16939",Phường Thái Hòa,,Phường,"40",Tỉnh Nghệ An,2026-05-14
"16941",Xã Nghĩa Đàn,,Xã,"40",Tỉnh Nghệ An,2026-05-14
"16951",Xã Nghĩa Lâm,,Xã,"40",Tỉnh Nghệ An,2026-05-14
"16969",Xã Nghĩa Thọ,,Xã,"40",Tỉnh Nghệ An,2026-05-14
"16972",Xã Nghĩa Hưng,,Xã,"40",Tỉnh Nghệ An,2026-05-14
"16975",Xã Nghĩa Mai,,Xã,"40",Tỉnh Nghệ An,2026-05-14
"1699",Xã Nguyễn Huệ,,Xã,"4",Tỉnh Cao Bằng,2026-05-14
"17011",Phường Tây Hiếu,,Phường,"40",Tỉnh Nghệ An,2026-05-14
"17017",Xã Đông Hiếu,,Xã,"40",Tỉnh Nghệ An,2026-05-14
"17029",Xã Nghĩa Lộc,,Xã,"40",Tỉnh Nghệ An,2026-05-14
"17032",Xã Nghĩa Khánh,,Xã,"40",Tỉnh Nghệ An,2026-05-14
"17035",Xã Quỳ Hợp,,Xã,"40",Tỉnh Nghệ An,2026-05-14
"17044",Xã Châu Hồng,,Xã,"40",Tỉnh Nghệ An,2026-05-14
"17056",Xã Châu Lộc,,Xã,"40",Tỉnh Nghệ An,2026-05-14
"17059",Xã Tam Hợp,,Xã,"40",Tỉnh Nghệ An,2026-05-14
"17071",Xã Minh Hợp,,Xã,"40",Tỉnh Nghệ An,2026-05-14
"17077",Xã Mường Ham,,Xã,"40",Tỉnh Nghệ An,2026-05-14
"1708",Xã Bạch Đằng,,Xã,"4",Tỉnh Cao Bằng,2026-05-14
"17089",Xã Mường Chọng,,Xã,"40",Tỉnh Nghệ An,2026-05-14
"17110",Phường Hoàng Mai,Hoang Mai town,Phường,"40",Tỉnh Nghệ An,2026-05-14
"17125",Phường Quỳnh Mai,,Phường,"40",Tỉnh Nghệ An,2026-05-14
"17128",Phường Tân Mai,,Phường,"40",Tỉnh Nghệ An,2026-05-14
"17143",Xã Quỳnh Văn,,Xã,"40",Tỉnh Nghệ An,2026-05-14
"17149",Xã Quỳnh Tam,,Xã,"40",Tỉnh Nghệ An,2026-05-14
"17170",Xã Quỳnh Sơn,,Xã,"40",Tỉnh Nghệ An,2026-05-14
"17176",Xã Quỳnh Anh,,Xã,"40",Tỉnh Nghệ An,2026-05-14
"17179",Xã Quỳnh Lưu,,Xã,"40",Tỉnh Nghệ An,2026-05-14
"17212",Xã Quỳnh Phú,,Xã,"40",Tỉnh Nghệ An,2026-05-14
"17224",Xã Quỳnh Thắng,,Xã,"40",Tỉnh Nghệ An,2026-05-14
"17230",Xã Bình Chuẩn,,Xã,"40",Tỉnh Nghệ An,2026-05-14
"17239",Xã Mậu Thạch,,Xã,"40",Tỉnh Nghệ An,2026-05-14
"17242",Xã Cam Phục,,Xã,"40",Tỉnh Nghệ An,2026-05-14
"17248",Xã Châu Khê,,Xã,"40",Tỉnh Nghệ An,2026-05-14
"17254",Xã Con Cuông,,Xã,"40",Tỉnh Nghệ An,2026-05-14
"1726",Xã Nguyên Bình,,Xã,"4",Tỉnh Cao Bằng,2026-05-14
"17263",Xã Môn Sơn,,Xã,"40",Tỉnh Nghệ An,2026-05-14
"17266",Xã Tân Kỳ,,Xã,"40",Tỉnh Nghệ An,2026-05-14
"17272",Xã Tân Phú,,Xã,"40",Tỉnh Nghệ An,2026-05-14
"17278",Xã Giai Xuân,,Xã,"40",Tỉnh Nghệ An,2026-05-14
"17284",Xã Nghĩa Đồng,,Xã,"40",Tỉnh Nghệ An,2026-05-14
"17287",Xã Tiên Đồng,,Xã,"40",Tỉnh Nghệ An,2026-05-14
"1729",Xã Tĩnh Túc,,Xã,"4",Tỉnh Cao Bằng,2026-05-14
"17305",Xã Tân An,,Xã,"40",Tỉnh Nghệ An,2026-05-14
"17326",Xã Nghĩa Hành,,Xã,"40",Tỉnh Nghệ An,2026-05-14
"17329",Xã Anh Sơn,,Xã,"40",Tỉnh Nghệ An,2026-05-14
"17335",Xã Thành Bình Thọ,,Xã,"40",Tỉnh Nghệ An,2026-05-14
"17344",Xã Nhân Hòa,,Xã,"40",Tỉnh Nghệ An,2026-05-14
"17357",Xã Vĩnh Tường,,Xã,"40",Tỉnh Nghệ An,2026-05-14
"17365",Xã Anh Sơn Đông,,Xã,"40",Tỉnh Nghệ An,2026-05-14
"1738",Xã Ca Thành,,Xã,"4",Tỉnh Cao Bằng,2026-05-14
"17380",Xã Yên Xuân,,Xã,"40",Tỉnh Nghệ An,2026-05-14
"17395",Xã Hùng Châu,,Xã,"40",Tỉnh Nghệ An,2026-05-14
"17416",Xã Đức Châu,,Xã,"40",Tỉnh Nghệ An,2026-05-14
"17419",Xã Hải Châu,,Xã,"40",Tỉnh Nghệ An,2026-05-14
"17443",Xã Quảng Châu,,Xã,"40",Tỉnh Nghệ An,2026-05-14
"17464",Xã Diễn Châu,,Xã,"40",Tỉnh Nghệ An,2026-05-14
"1747",Xã Minh Tâm,,Xã,"4",Tỉnh Cao Bằng,2026-05-14
"17476",Xã Minh Châu,,Xã,"40",Tỉnh Nghệ An,2026-05-14
"17479",Xã An Châu,,Xã,"40",Tỉnh Nghệ An,2026-05-14
"17488",Xã Tân Châu,,Xã,"40",Tỉnh Nghệ An,2026-05-14
"175",Phường Yên Hòa,,Phường,"1",Thành phố Hà Nội,2026-05-14
"17506",Xã Yên Thành,,Xã,"40",Tỉnh Nghệ An,2026-05-14
"17515",Xã Bình Minh,,Xã,"40",Tỉnh Nghệ An,2026-05-14
"17521",Xã Quang Đồng,,Xã,"40",Tỉnh Nghệ An,2026-05-14
"17524",Xã Giai Lạc,,Xã,"40",Tỉnh Nghệ An,2026-05-14
"17530",Xã Đông Thành,,Xã,"40",Tỉnh Nghệ An,2026-05-14
"17560",Xã Vân Du,,Xã,"40",Tỉnh Nghệ An,2026-05-14
"17569",Xã Quan Thành,,Xã,"40",Tỉnh Nghệ An,2026-05-14
"17605",Xã Hợp Minh,,Xã,"40",Tỉnh Nghệ An,2026-05-14
"17611",Xã Vân Tụ,,Xã,"40",Tỉnh Nghệ An,2026-05-14
"17623",Xã Bạch Ngọc,,Xã,"40",Tỉnh Nghệ An,2026-05-14
"17641",Xã Lương Sơn,,Xã,"40",Tỉnh Nghệ An,2026-05-14
"17662",Xã Đô Lương,,Xã,"40",Tỉnh Nghệ An,2026-05-14
"17677",Xã Văn Hiến,,Xã,"40",Tỉnh Nghệ An,2026-05-14
"1768",Xã Phan Thanh,,Xã,"4",Tỉnh Cao Bằng,2026-05-14
"17689",Xã Thuần Trung,,Xã,"40",Tỉnh Nghệ An,2026-05-14
"17707",Xã Bạch Hà,,Xã,"40",Tỉnh Nghệ An,2026-05-14
"17713",Xã Đại Đồng,,Xã,"40",Tỉnh Nghệ An,2026-05-14
"17722",Xã Hạnh Lâm,,Xã,"40",Tỉnh Nghệ An,2026-05-14
"17728",Xã Cát Ngạn,,Xã,"40",Tỉnh Nghệ An,2026-05-14
"1774",Xã Tam Kim,,Xã,"4",Tỉnh Cao Bằng,2026-05-14
"17743",Xã Tam Đồng,,Xã,"40",Tỉnh Nghệ An,2026-05-14
"17759",Xã Sơn Lâm,,Xã,"40",Tỉnh Nghệ An,2026-05-14
"1777",Xã Thành Công,,Xã,"4",Tỉnh Cao Bằng,2026-05-14
"17770",Xã Hoa Quân,,Xã,"40",Tỉnh Nghệ An,2026-05-14
"17779",Xã Xuân Lâm,,Xã,"40",Tỉnh Nghệ An,2026-05-14
"17791",Xã Kim Bảng,,Xã,"40",Tỉnh Nghệ An,2026-05-14
"17818",Xã Bích Hào,,Xã,"40",Tỉnh Nghệ An,2026-05-14
"17827",Xã Nghi Lộc,,Xã,"40",Tỉnh Nghệ An,2026-05-14
"17833",Xã Hải Lộc,,Xã,"40",Tỉnh Nghệ An,2026-05-14
"17842",Xã Thần Lĩnh,,Xã,"40",Tỉnh Nghệ An,2026-05-14
"17854",Xã Văn Kiều,,Xã,"40",Tỉnh Nghệ An,2026-05-14
"17857",Xã Phúc Lộc,,Xã,"40",Tỉnh Nghệ An,2026-05-14
"1786",Xã Đông Khê,,Xã,"4",Tỉnh Cao Bằng,2026-05-14
"17866",Xã Trung Lộc,,Xã,"40",Tỉnh Nghệ An,2026-05-14
"17878",Xã Đông Lộc,,Xã,"40",Tỉnh Nghệ An,2026-05-14
"1789",Xã Canh Tân,,Xã,"4",Tỉnh Cao Bằng,2026-05-14
"1792",Xã Kim Đồng,,Xã,"4",Tỉnh Cao Bằng,2026-05-14
"17920",Phường Vinh Hưng,,Phường,"40",Tỉnh Nghệ An,2026-05-14
"17935",Xã Nam Đàn,,Xã,"40",Tỉnh Nghệ An,2026-05-14
"17944",Xã Đại Huệ,,Xã,"40",Tỉnh Nghệ An,2026-05-14
"1795",Xã Minh Khai,,Xã,"4",Tỉnh Cao Bằng,2026-05-14
"17950",Xã Vạn An,,Xã,"40",Tỉnh Nghệ An,2026-05-14
"17971",Xã Kim Liên,,Xã,"40",Tỉnh Nghệ An,2026-05-14
"17989",Xã Thiên Nhẫn,,Xã,"40",Tỉnh Nghệ An,2026-05-14
"18001",Xã Hưng Nguyên,,Xã,"40",Tỉnh Nghệ An,2026-05-14
"18007",Xã Yên Trung,,Xã,"40",Tỉnh Nghệ An,2026-05-14
"18028",Xã Hưng Nguyên Nam,,Xã,"40",Tỉnh Nghệ An,2026-05-14
"18040",Xã Lam Thành,,Xã,"40",Tỉnh Nghệ An,2026-05-14
"1807",Xã Thạch An,,Xã,"4",Tỉnh Cao Bằng,2026-05-14
"18073",Phường Thành Sen,,Phường,"42",Tỉnh Hà Tĩnh,2026-05-14
"18100",Phường Trần Phú,,Phường,"42",Tỉnh Hà Tĩnh,2026-05-14
"18115",Phường Bắc Hồng Lĩnh,,Phường,"42",Tỉnh Hà Tĩnh,2026-05-14
"18118",Phường Nam Hồng Lĩnh,,Phường,"42",Tỉnh Hà Tĩnh,2026-05-14
"18133",Xã Hương Sơn,,Xã,"42",Tỉnh Hà Tĩnh,2026-05-14
"18160",Xã Sơn Hồng,,Xã,"42",Tỉnh Hà Tĩnh,2026-05-14
"18163",Xã Sơn Tiến,,Xã,"42",Tỉnh Hà Tĩnh,2026-05-14
"18172",Xã Sơn Tây,,Xã,"42",Tỉnh Hà Tĩnh,2026-05-14
"18184",Xã Sơn Giang,,Xã,"42",Tỉnh Hà Tĩnh,2026-05-14
"18196",Xã Sơn Kim 1,,Xã,"42",Tỉnh Hà Tĩnh,2026-05-14
"18199",Xã Sơn Kim 2,,Xã,"42",Tỉnh Hà Tĩnh,2026-05-14
"18202",Xã Tứ Mỹ,,Xã,"42",Tỉnh Hà Tĩnh,2026-05-14
"1822",Xã Đức Long,,Xã,"4",Tỉnh Cao Bằng,2026-05-14
"18223",Xã Kim Hoa,,Xã,"42",Tỉnh Hà Tĩnh,2026-05-14
"18229",Xã Đức Thọ,,Xã,"42",Tỉnh Hà Tĩnh,2026-05-14
"18244",Xã Đức Minh,,Xã,"42",Tỉnh Hà Tĩnh,2026-05-14
"18262",Xã Đức Quang,,Xã,"42",Tỉnh Hà Tĩnh,2026-05-14
"18277",Xã Đức Thịnh,,Xã,"42",Tỉnh Hà Tĩnh,2026-05-14
"18304",Xã Đức Đồng,,Xã,"42",Tỉnh Hà Tĩnh,2026-05-14
"18313",Xã Vũ Quang,,Xã,"42",Tỉnh Hà Tĩnh,2026-05-14
"18322",Xã Mai Hoa,,Xã,"42",Tỉnh Hà Tĩnh,2026-05-14
"18328",Xã Thượng Đức,,Xã,"42",Tỉnh Hà Tĩnh,2026-05-14
"18352",Xã Nghi Xuân,,Xã,"42",Tỉnh Hà Tĩnh,2026-05-14
"18364",Xã Đan Hải,,Xã,"42",Tỉnh Hà Tĩnh,2026-05-14
"18373",Xã Tiên Điền,,Xã,"42",Tỉnh Hà Tĩnh,2026-05-14
"18394",Xã Cổ Đạm,,Xã,"42",Tỉnh Hà Tĩnh,2026-05-14
"1840",Phường Đức Xuân,,Phường,"19",Tỉnh Thái Nguyên,2026-05-14
"18406",Xã Can Lộc,,Xã,"42",Tỉnh Hà Tĩnh,2026-05-14
"18409",Xã Hồng Lộc,,Xã,"42",Tỉnh Hà Tĩnh,2026-05-14
"18418",Xã Tùng Lộc,,Xã,"42",Tỉnh Hà Tĩnh,2026-05-14
"1843",Phường Bắc Kạn,,Phường,"19",Tỉnh Thái Nguyên,2026-05-14
"18436",Xã Trường Lưu,,Xã,"42",Tỉnh Hà Tĩnh,2026-05-14
"18466",Xã Gia Hanh,,Xã,"42",Tỉnh Hà Tĩnh,2026-05-14
"18481",Xã Xuân Lộc,,Xã,"42",Tỉnh Hà Tĩnh,2026-05-14
"18484",Xã Đồng Lộc,,Xã,"42",Tỉnh Hà Tĩnh,2026-05-14
"1849",Xã Phong Quang,,Xã,"19",Tỉnh Thái Nguyên,2026-05-14
"18496",Xã Hương Khê,,Xã,"42",Tỉnh Hà Tĩnh,2026-05-14
"18502",Xã Hà Linh,,Xã,"42",Tỉnh Hà Tĩnh,2026-05-14
"18523",Xã Hương Bình,,Xã,"42",Tỉnh Hà Tĩnh,2026-05-14
"18532",Xã Hương Phố,,Xã,"42",Tỉnh Hà Tĩnh,2026-05-14
"18544",Xã Hương Xuân,,Xã,"42",Tỉnh Hà Tĩnh,2026-05-14
"18547",Xã Phúc Trạch,,Xã,"42",Tỉnh Hà Tĩnh,2026-05-14
"18550",Xã Hương Đô,,Xã,"42",Tỉnh Hà Tĩnh,2026-05-14
"18562",Xã Thạch Hà,,Xã,"42",Tỉnh Hà Tĩnh,2026-05-14
"18568",Xã Lộc Hà,,Xã,"42",Tỉnh Hà Tĩnh,2026-05-14
"18583",Xã Mai Phụ,,Xã,"42",Tỉnh Hà Tĩnh,2026-05-14
"18586",Xã Đông Kinh,,Xã,"42",Tỉnh Hà Tĩnh,2026-05-14
"18601",Xã Việt Xuyên,,Xã,"42",Tỉnh Hà Tĩnh,2026-05-14
"18604",Xã Thạch Khê,,Xã,"42",Tỉnh Hà Tĩnh,2026-05-14
"18619",Xã Đồng Tiến,,Xã,"42",Tỉnh Hà Tĩnh,2026-05-14
"18628",Xã Thạch Lạc,,Xã,"42",Tỉnh Hà Tĩnh,2026-05-14
"18634",Xã Toàn Lưu,,Xã,"42",Tỉnh Hà Tĩnh,2026-05-14
"1864",Xã Bằng Thành,,Xã,"19",Tỉnh Thái Nguyên,2026-05-14
"18652",Phường Hà Huy Tập,,Phường,"42",Tỉnh Hà Tĩnh,2026-05-14
"18667",Xã Thạch Xuân,,Xã,"42",Tỉnh Hà Tĩnh,2026-05-14
"18673",Xã Cẩm Xuyên,,Xã,"42",Tỉnh Hà Tĩnh,2026-05-14
"18676",Xã Thiên Cầm,,Xã,"42",Tỉnh Hà Tĩnh,2026-05-14
"18682",Xã Yên Hòa,,Xã,"42",Tỉnh Hà Tĩnh,2026-05-14
"18685",Xã Cẩm Bình,,Xã,"42",Tỉnh Hà Tĩnh,2026-05-14
"18736",Xã Cẩm Hưng,,Xã,"42",Tỉnh Hà Tĩnh,2026-05-14
"18739",Xã Cẩm Duệ,,Xã,"42",Tỉnh Hà Tĩnh,2026-05-14
"18742",Xã Cẩm Trung,,Xã,"42",Tỉnh Hà Tĩnh,2026-05-14
"18748",Xã Cẩm Lạc,,Xã,"42",Tỉnh Hà Tĩnh,2026-05-14
"18754",Phường Sông Trí,,Phường,"42",Tỉnh Hà Tĩnh,2026-05-14
"18766",Xã Kỳ Xuân,,Xã,"42",Tỉnh Hà Tĩnh,2026-05-14
"18775",Xã Kỳ Anh,,Xã,"42",Tỉnh Hà Tĩnh,2026-05-14
"18781",Phường Hải Ninh,,Phường,"42",Tỉnh Hà Tĩnh,2026-05-14
"18787",Xã Kỳ Văn,,Xã,"42",Tỉnh Hà Tĩnh,2026-05-14
"1879",Xã Cao Minh,,Xã,"19",Tỉnh Thái Nguyên,2026-05-14
"18790",Xã Kỳ Khang,,Xã,"42",Tỉnh Hà Tĩnh,2026-05-14
"18814",Xã Kỳ Hoa,,Xã,"42",Tỉnh Hà Tĩnh,2026-05-14
"1882",Xã Nghiên Loan,,Xã,"19",Tỉnh Thái Nguyên,2026-05-14
"18823",Phường Vũng Áng,,Phường,"42",Tỉnh Hà Tĩnh,2026-05-14
"18832",Phường Hoành Sơn,,Phường,"42",Tỉnh Hà Tĩnh,2026-05-14
"18838",Xã Kỳ Lạc,,Xã,"42",Tỉnh Hà Tĩnh,2026-05-14
"18844",Xã Kỳ Thượng,,Xã,"42",Tỉnh Hà Tĩnh,2026-05-14
"18859",Phường Đồng Thuận,,Phường,"44",Tỉnh Quảng Trị,2026-05-14
"18871",Phường Đồng Sơn,,Phường,"44",Tỉnh Quảng Trị,2026-05-14
"18880",Phường Đồng Hới,,Phường,"44",Tỉnh Quảng Trị,2026-05-14
"18901",Xã Minh Hóa,,Xã,"44",Tỉnh Quảng Trị,2026-05-14
"18904",Xã Dân Hóa,,Xã,"44",Tỉnh Quảng Trị,2026-05-14
"18919",Xã Tân Thành,,Xã,"44",Tỉnh Quảng Trị,2026-05-14
"18922",Xã Kim Điền,,Xã,"44",Tỉnh Quảng Trị,2026-05-14
"1894",Xã Phúc Lộc,,Xã,"19",Tỉnh Thái Nguyên,2026-05-14
"18943",Xã Kim Phú,,Xã,"44",Tỉnh Quảng Trị,2026-05-14
"18949",Xã Đồng Lê,,Xã,"44",Tỉnh Quảng Trị,2026-05-14
"18952",Xã Tuyên Sơn,,Xã,"44",Tỉnh Quảng Trị,2026-05-14
"18958",Xã Tuyên Lâm,,Xã,"44",Tỉnh Quảng Trị,2026-05-14
"18985",Xã Tuyên Phú,,Xã,"44",Tỉnh Quảng Trị,2026-05-14
"18991",Xã Tuyên Bình,,Xã,"44",Tỉnh Quảng Trị,2026-05-14
"18997",Xã Tuyên Hóa,,Xã,"44",Tỉnh Quảng Trị,2026-05-14
"190",Phường Ô Chợ Dừa,,Phường,"1",Thành phố Hà Nội,2026-05-14
"19009",Phường Ba Đồn,,Phường,"44",Tỉnh Quảng Trị,2026-05-14
"19021",Xã Phú Trạch,,Xã,"44",Tỉnh Quảng Trị,2026-05-14
"19030",Xã Trung Thuần,,Xã,"44",Tỉnh Quảng Trị,2026-05-14
"19033",Xã Hòa Trạch,,Xã,"44",Tỉnh Quảng Trị,2026-05-14
"19051",Xã Tân Gianh,,Xã,"44",Tỉnh Quảng Trị,2026-05-14
"19057",Xã Quảng Trạch,,Xã,"44",Tỉnh Quảng Trị,2026-05-14
"1906",Xã Ba Bể,,Xã,"19",Tỉnh Thái Nguyên,2026-05-14
"19066",Phường Bắc Gianh,,Phường,"44",Tỉnh Quảng Trị,2026-05-14
"19075",Xã Nam Ba Đồn,,Xã,"44",Tỉnh Quảng Trị,2026-05-14
"19093",Xã Nam Gianh,,Xã,"44",Tỉnh Quảng Trị,2026-05-14
"19111",Xã Hoàn Lão,,Xã,"44",Tỉnh Quảng Trị,2026-05-14
"1912",Xã Chợ Rã,,Xã,"19",Tỉnh Thái Nguyên,2026-05-14
"19126",Xã Bắc Trạch,,Xã,"44",Tỉnh Quảng Trị,2026-05-14
"19138",Xã Phong Nha,,Xã,"44",Tỉnh Quảng Trị,2026-05-14
"19141",Xã Bố Trạch,,Xã,"44",Tỉnh Quảng Trị,2026-05-14
"19147",Xã Thượng Trạch,,Xã,"44",Tỉnh Quảng Trị,2026-05-14
"19159",Xã Đông Trạch,,Xã,"44",Tỉnh Quảng Trị,2026-05-14
"19198",Xã Nam Trạch,,Xã,"44",Tỉnh Quảng Trị,2026-05-14
"19204",Xã Trường Sơn,,Xã,"44",Tỉnh Quảng Trị,2026-05-14
"19207",Xã Quảng Ninh,,Xã,"44",Tỉnh Quảng Trị,2026-05-14
"1921",Xã Thượng Minh,,Xã,"19",Tỉnh Thái Nguyên,2026-05-14
"19225",Xã Ninh Châu,,Xã,"44",Tỉnh Quảng Trị,2026-05-14
"19237",Xã Trường Ninh,,Xã,"44",Tỉnh Quảng Trị,2026-05-14
"19246",Xã Lệ Ninh,,Xã,"44",Tỉnh Quảng Trị,2026-05-14
"19249",Xã Lệ Thủy,,Xã,"44",Tỉnh Quảng Trị,2026-05-14
"19255",Xã Cam Hồng,,Xã,"44",Tỉnh Quảng Trị,2026-05-14
"19288",Xã Sen Ngư,,Xã,"44",Tỉnh Quảng Trị,2026-05-14
"19291",Xã Tân Mỹ,,Xã,"44",Tỉnh Quảng Trị,2026-05-14
"19309",Xã Trường Phú,,Xã,"44",Tỉnh Quảng Trị,2026-05-14
"19318",Xã Kim Ngân,,Xã,"44",Tỉnh Quảng Trị,2026-05-14
"1933",Xã Đồng Phúc,,Xã,"19",Tỉnh Thái Nguyên,2026-05-14
"19333",Phường Đông Hà,,Phường,"44",Tỉnh Quảng Trị,2026-05-14
"19351",Phường Nam Đông Hà,,Phường,"44",Tỉnh Quảng Trị,2026-05-14
"1936",Xã Nà Phặc,,Xã,"19",Tỉnh Thái Nguyên,2026-05-14
"19360",Phường Quảng Trị,,Phường,"44",Tỉnh Quảng Trị,2026-05-14
"19363",Xã Vĩnh Linh,,Xã,"44",Tỉnh Quảng Trị,2026-05-14
"19366",Xã Bến Quan,,Xã,"44",Tỉnh Quảng Trị,2026-05-14
"19372",Xã Vĩnh Hoàng,,Xã,"44",Tỉnh Quảng Trị,2026-05-14
"19405",Xã Vĩnh Thủy,,Xã,"44",Tỉnh Quảng Trị,2026-05-14
"19414",Xã Cửa Tùng,,Xã,"44",Tỉnh Quảng Trị,2026-05-14
"1942",Xã Bằng Vân,,Xã,"19",Tỉnh Thái Nguyên,2026-05-14
"19429",Xã Khe Sanh,,Xã,"44",Tỉnh Quảng Trị,2026-05-14
"19432",Xã Lao Bảo,,Xã,"44",Tỉnh Quảng Trị,2026-05-14
"19435",Xã Hướng Lập,,Xã,"44",Tỉnh Quảng Trị,2026-05-14
"19441",Xã Hướng Phùng,,Xã,"44",Tỉnh Quảng Trị,2026-05-14
"19462",Xã Tân Lập,,Xã,"44",Tỉnh Quảng Trị,2026-05-14
"19483",Xã A Dơi,,Xã,"44",Tỉnh Quảng Trị,2026-05-14
"19489",Xã Lìa,,Xã,"44",Tỉnh Quảng Trị,2026-05-14
"19495",Xã Gio Linh,,Xã,"44",Tỉnh Quảng Trị,2026-05-14
"19496",Xã Cửa Việt,Cua Viet town,Xã,"44",Tỉnh Quảng Trị,2026-05-14
"19501",Xã Bến Hải,,Xã,"44",Tỉnh Quảng Trị,2026-05-14
"19537",Xã Cồn Tiên,,Xã,"44",Tỉnh Quảng Trị,2026-05-14
"1954",Xã Ngân Sơn,,Xã,"19",Tỉnh Thái Nguyên,2026-05-14
"19555",Xã Hướng Hiệp,,Xã,"44",Tỉnh Quảng Trị,2026-05-14
"19564",Xã Đakrông,,Xã,"44",Tỉnh Quảng Trị,2026-05-14
"19567",Xã Ba Lòng,,Xã,"44",Tỉnh Quảng Trị,2026-05-14
"1957",Xã Thượng Quan,,Xã,"19",Tỉnh Thái Nguyên,2026-05-14
"19588",Xã Tà Rụt,,Xã,"44",Tỉnh Quảng Trị,2026-05-14
"19594",Xã La Lay,,Xã,"44",Tỉnh Quảng Trị,2026-05-14
"19597",Xã Cam Lộ,,Xã,"44",Tỉnh Quảng Trị,2026-05-14
"1960",Xã Hiệp Lực,,Xã,"19",Tỉnh Thái Nguyên,2026-05-14
"19603",Xã Hiếu Giang,,Xã,"44",Tỉnh Quảng Trị,2026-05-14
"19624",Xã Triệu Phong,,Xã,"44",Tỉnh Quảng Trị,2026-05-14
"19639",Xã Nam Cửa Việt,,Xã,"44",Tỉnh Quảng Trị,2026-05-14
"19645",Xã Triệu Bình,,Xã,"44",Tỉnh Quảng Trị,2026-05-14
"19654",Xã Triệu Cơ,,Xã,"44",Tỉnh Quảng Trị,2026-05-14
"19669",Xã Ái Tử,,Xã,"44",Tỉnh Quảng Trị,2026-05-14
"19681",Xã Diên Sanh,,Xã,"44",Tỉnh Quảng Trị,2026-05-14
"1969",Xã Phủ Thông,,Xã,"19",Tỉnh Thái Nguyên,2026-05-14
"19699",Xã Vĩnh Định,,Xã,"44",Tỉnh Quảng Trị,2026-05-14
"19702",Xã Hải Lăng,,Xã,"44",Tỉnh Quảng Trị,2026-05-14
"19735",Xã Nam Hải Lăng,,Xã,"44",Tỉnh Quảng Trị,2026-05-14
"19741",Xã Mỹ Thủy,,Xã,"44",Tỉnh Quảng Trị,2026-05-14
"19742",Đặc khu Cồn Cỏ,,Đặc khu,"44",Tỉnh Quảng Trị,2026-05-14
"19753",Phường Phú Xuân,,Phường,"46",Thành phố Huế,2026-05-14
"19774",Phường Kim Long,,Phường,"46",Thành phố Huế,2026-05-14
"19777",Phường Vỹ Dạ,,Phường,"46",Thành phố Huế,2026-05-14
"19789",Phường Thuận Hóa,,Phường,"46",Thành phố Huế,2026-05-14
"19804",Phường Hương An,,Phường,"46",Thành phố Huế,2026-05-14
"1981",Xã Vĩnh Thông,,Xã,"19",Tỉnh Thái Nguyên,2026-05-14
"19813",Phường Thủy Xuân,,Phường,"46",Thành phố Huế,2026-05-14
"19815",Phường An Cựu,,Phường,"46",Thành phố Huế,2026-05-14
"19819",Phường Phong Điền,,Phường,"46",Thành phố Huế,2026-05-14
"19828",Phường Phong Phú,,Phường,"46",Thành phố Huế,2026-05-14
"19831",Phường Phong Dinh,,Phường,"46",Thành phố Huế,2026-05-14
"19858",Phường Phong Thái,,Phường,"46",Thành phố Huế,2026-05-14
"19867",Xã Quảng Điền,,Xã,"46",Thành phố Huế,2026-05-14
"19873",Phường Phong Quảng,,Phường,"46",Thành phố Huế,2026-05-14
"19885",Xã Đan Điền,,Xã,"46",Thành phố Huế,2026-05-14
"199",Phường Láng,,Phường,"1",Thành phố Hà Nội,2026-05-14
"19900",Phường Thuận An,,Phường,"46",Thành phố Huế,2026-05-14
"19909",Phường Dương Nỗ,,Phường,"46",Thành phố Huế,2026-05-14
"19918",Xã Phú Hồ,,Xã,"46",Thành phố Huế,2026-05-14
"19930",Phường Mỹ Thượng,,Phường,"46",Thành phố Huế,2026-05-14
"19942",Xã Phú Vang,,Xã,"46",Thành phố Huế,2026-05-14
"19945",Xã Phú Vinh,,Xã,"46",Thành phố Huế,2026-05-14
"19960",Phường Phú Bài,,Phường,"46",Thành phố Huế,2026-05-14
"19969",Phường Thanh Thủy,,Phường,"46",Thành phố Huế,2026-05-14
"19975",Phường Hương Thủy,,Phường,"46",Thành phố Huế,2026-05-14
"19996",Phường Hương Trà,,Phường,"46",Thành phố Huế,2026-05-14
"20014",Phường Hóa Châu,,Phường,"46",Thành phố Huế,2026-05-14
"20017",Phường Kim Trà,,Phường,"46",Thành phố Huế,2026-05-14
"20035",Xã Bình Điền,,Xã,"46",Thành phố Huế,2026-05-14
"20044",Xã A Lưới 2,,Xã,"46",Thành phố Huế,2026-05-14
"20050",Xã A Lưới 5,,Xã,"46",Thành phố Huế,2026-05-14
"20056",Xã A Lưới 1,,Xã,"46",Thành phố Huế,2026-05-14
"20071",Xã A Lưới 3,,Xã,"46",Thành phố Huế,2026-05-14
"2008",Xã Cẩm Giàng,,Xã,"19",Tỉnh Thái Nguyên,2026-05-14
"20101",Xã A Lưới 4,,Xã,"46",Thành phố Huế,2026-05-14
"20107",Xã Phú Lộc,,Xã,"46",Thành phố Huế,2026-05-14
"20122",Xã Vinh Lộc,,Xã,"46",Thành phố Huế,2026-05-14
"20131",Xã Hưng Lộc,,Xã,"46",Thành phố Huế,2026-05-14
"20137",Xã Chân Mây - Lăng Cô,,Xã,"46",Thành phố Huế,2026-05-14
"2014",Xã Bạch Thông,,Xã,"19",Tỉnh Thái Nguyên,2026-05-14
"20140",Xã Lộc An,,Xã,"46",Thành phố Huế,2026-05-14
"20161",Xã Khe Tre,,Xã,"46",Thành phố Huế,2026-05-14
"20179",Xã Nam Đông,,Xã,"46",Thành phố Huế,2026-05-14
"20182",Xã Long Quảng,,Xã,"46",Thành phố Huế,2026-05-14
"20194",Phường Hải Vân,Hoa Hiep Bac Commune,Phường,"48",Thành phố Đà Nẵng,2026-05-14
"20197",Phường Liên Chiểu,Hoa Khanh Bac Commune,Phường,"48",Thành phố Đà Nẵng,2026-05-14
"2020",Xã Chợ Đồn,,Xã,"19",Tỉnh Thái Nguyên,2026-05-14
"20200",Phường Hòa Khánh,,Phường,"48",Thành phố Đà Nẵng,2026-05-14
"20209",Phường Thanh Khê,,Phường,"48",Thành phố Đà Nẵng,2026-05-14
"20242",Phường Hải Châu,,Phường,"48",Thành phố Đà Nẵng,2026-05-14
"20257",Phường Hòa Cường,Hoa Cuong Bac Commune,Phường,"48",Thành phố Đà Nẵng,2026-05-14
"2026",Xã Nam Cường,,Xã,"19",Tỉnh Thái Nguyên,2026-05-14
"20260",Phường Cẩm Lệ,,Phường,"48",Thành phố Đà Nẵng,2026-05-14
"20263",Phường Sơn Trà,,Phường,"48",Thành phố Đà Nẵng,2026-05-14
"20275",Phường An Hải,,Phường,"48",Thành phố Đà Nẵng,2026-05-14
"20285",Phường Ngũ Hành Sơn,Khue My Commune,Phường,"48",Thành phố Đà Nẵng,2026-05-14
"20305",Phường An Khê,,Phường,"48",Thành phố Đà Nẵng,2026-05-14
"20308",Xã Bà Nà,,Xã,"48",Thành phố Đà Nẵng,2026-05-14
"20314",Phường Hòa Xuân,,Phường,"48",Thành phố Đà Nẵng,2026-05-14
"20320",Xã Hòa Vang,,Xã,"48",Thành phố Đà Nẵng,2026-05-14
"20332",Xã Hòa Tiến,,Xã,"48",Thành phố Đà Nẵng,2026-05-14
"20333",Đặc khu Hoàng Sa,,Đặc khu,"48",Thành phố Đà Nẵng,2026-05-14
"20335",Phường Bàn Thạch,,Phường,"48",Thành phố Đà Nẵng,2026-05-14
"20341",Phường Tam Kỳ,,Phường,"48",Thành phố Đà Nẵng,2026-05-14
"20350",Phường Hương Trà,,Phường,"48",Thành phố Đà Nẵng,2026-05-14
"20356",Phường Quảng Phú,,Phường,"48",Thành phố Đà Nẵng,2026-05-14
"20364",Xã Chiên Đàn,,Xã,"48",Thành phố Đà Nẵng,2026-05-14
"2038",Xã Quảng Bạch,,Xã,"19",Tỉnh Thái Nguyên,2026-05-14
"20380",Xã Tây Hồ,,Xã,"48",Thành phố Đà Nẵng,2026-05-14
"20392",Xã Phú Ninh,,Xã,"48",Thành phố Đà Nẵng,2026-05-14